"code","display_name","brands","countries","categories","ingredients_text","nova_group","nutriscore_grade","ecoscore_grade","energy_kcal_100g","sugars_100g","salt_100g","game_ready","review_status","review_notes","source_dataset"
"8858135002879","Lait de coco","Real Thai","France","Aliments et boissons à base de végétaux, Boissons, Aliments d'origine végétale, Substituts de produits laitiers, Substituts du lait, Boissons à base de végétaux, Boissons végétales, Crèmes végétales, Crèmes végétales pour cuisiner, Laits et crèmes de coco","Extrait de noix de coco (85%), eau.","1","e","b","185.0","2.0","0.05","false","pending","","Global Food Nutrition Database (Open Food Facts snapshot, 2025-12-10)"
"6191475200010","eau minérale naturelle","TIJEN WATER","Tunisie","Boissons et préparations de boissons,Boissons,Eaux,Eaux de sources,Eaux minérales,Boissons sans alcool,Boissons sans sucre ajouté,Eaux minérales naturelles","EAU MINERALE NATURELLE.","1","a","not-applicable","","","0.0045","false","pending","","Global Food Nutrition Database (Open Food Facts snapshot, 2025-12-10)"
"3428271980031","Lait Bio Demi-Écrémé","lactel","France","Dairies, Milks, Homogenized milks, Semi-skimmed milks, UHT Milks, Cow milks, en:organic-semi-skimmed-milks","Lait demi-écrémé stérilisé UHT, issu de l'agriculture biologique, origine France.","1","b","b","46.0","4.8","0.1","false","pending","","Global Food Nutrition Database (Open Food Facts snapshot, 2025-12-10)"
"6111035001710","Ain atlas 33cl","Les Eaux Minérale D'Oulmès","Maroc","Boissons,Eaux,Eaux de sources,Eaux minérales","Eau minérale naturelle","1","a","not-applicable","","","0.12","false","pending","","Global Food Nutrition Database (Open Food Facts snapshot, 2025-12-10)"
"4025500186821","Kalinka Kefir","Müller","Frankreich,Deutschland,Luxemburg,Rumänien,Spanien","Băuturi,Produse lactate,en:Fermented milk products,en:Dairy drinks,Băuturi fermentate,en:Fermented milk drinks,Kefir","Fettarmer Kefir mild. 1,5% Fett. Enthält Milch","1","b","unknown","46.0","4.1","0.12","false","pending","","Global Food Nutrition Database (Open Food Facts snapshot, 2025-12-10)"
"00282123","Authentic Greek Yoghurt","Taste The Difference","United Kingdom","Dairies, Fermented foods, Desserts, Fermented milk products, Dairy desserts, Fermented dairy desserts, Yogurts, Plain yogurts, Greek-style yogurts, Plain greek-style yogurts","Natural Greek Yogurt (Cows' _Milk_)","1","c","b","137.0","3.2","0.107","false","pending","","Global Food Nutrition Database (Open Food Facts snapshot, 2025-12-10)"
"4088600248752","Bite size wheat shreds","Harvest Morn, Aldi","en:gb","Plant-based foods and beverages, Plant-based foods, Breakfasts, Cereals and potatoes, Cereals and their products, Breakfast cereals, Whole grain wheat cereal biscuits, Extruded cereals","whole grain wheat (100%)","1","a","e","367.0","0.667","0.0333","false","pending","","Global Food Nutrition Database (Open Food Facts snapshot, 2025-12-10)"
"8445291061132","HEPAR","hepar 75cl","France, en:belgium","fr:boissons, fr:eaux, fr:eaux-de-sources, eaux-minérales, eaux-minérales-naturelles, eau-minérale-naturelle-non-gazeuse","Eau minérale naturelle","1","a","not-applicable","0.0","0.0","0.00355","false","pending","","Global Food Nutrition Database (Open Food Facts snapshot, 2025-12-10)"
"5060069170033","Agave Nectar","the-groovy-food-company","United Kingdom","Plant-based foods and beverages, Plant-based foods, Sweeteners, Syrups, Simple syrups, Agave syrups","100% Organic Agave Nectar.","1","d","c","298.0","66.11","0.0","false","pending","","Global Food Nutrition Database (Open Food Facts snapshot, 2025-12-10)"
"3033491270864","Danone skyr 140 g x 2 nature","Danone, Danone of the world","France,Switzerland","Produits laitiers, Produits fermentés, Desserts, Produits laitiers fermentés, Desserts lactés, Desserts lactés fermentés, Desserts lactés fermentés nature, Skyrs, Skyrs nature","LAIT écrémé, ferments lactiques (LAIT) LAIT : Origine France","1","a","a","57.0","3.9","0.09","false","pending","","Global Food Nutrition Database (Open Food Facts snapshot, 2025-12-10)"
"6194055500135","Double Concentré de Tomates","Sicam","France,Tunisie","Aliments et boissons à base de végétaux,Aliments d'origine végétale,Aliments à base de fruits et de légumes,Conserves,Légumes et dérivés,Légumes,Tomates et dérivés,Tomates,Double concentré de tomate,Concentrés de tomates","Tomates","1","a","c","84.0","13.8","0.13","false","pending","","Global Food Nutrition Database (Open Food Facts snapshot, 2025-12-10)"
"5000169647561","Chickpeas in water","Essential Waitrose,Waitrose","United Kingdom","Plant-based foods and beverages, Plant-based foods, Legumes and their products, Canned foods, Legumes, Seeds, Canned plant-based foods, Legume seeds, Pulses, Chickpeas, Canned legumes, Canned chickpeas","Chickpeas, water, antioxidant (ascorbic acid)","1","a","a","118.0","0.6","0.04","false","pending","","Global Food Nutrition Database (Open Food Facts snapshot, 2025-12-10)"
"4056489825623","Scottish Porridge Oats","Crownfield","en:United Kingdom","Plant-based foods and beverages, Plant-based foods, Breakfasts, Cereals and potatoes, Cereals and their products, Breakfast cereals, Scottish porridge oats, en:porridge","wholegrain rolled oats","1","a","e","386.0","0.8","7.5e-05","false","pending","","Global Food Nutrition Database (Open Food Facts snapshot, 2025-12-10)"
"8410109121551","Cacao puro desgrasado en polvo","La Chocolatera","España","Cacao y sus productos,Cacaos y chocolates en polvo,Cacaos en polvo","Cacao desgrasado en polvo, correctores de acidez: carbonato de potasio, hidróxido de potasio. Contiene azúcares naturalmente presentes. Manteca de cacao: 16%","1","unknown","f","375.0","0.7","0.03","false","pending","","Global Food Nutrition Database (Open Food Facts snapshot, 2025-12-10)"
"3564700371107","Eau de source de montagne Laqueuille","Marque Repère, Laqueuille","France, en:belgium","Boissons, Eaux, Produits de montagne, Eaux de sources, Eaux minérales, Boissons sans alcool, Eaux de montagne","eau de source","1","a","not-applicable","0.0","0.0","0.0015","false","pending","","Global Food Nutrition Database (Open Food Facts snapshot, 2025-12-10)"
"3600900020091","Céréales de campagne","Tipiak","France,Switzerland","Aliments et boissons à base de végétaux,Aliments d'origine végétale,Céréales et pommes de terre,Céréales et dérivés,Céréales en grains,Semoules de céréales,Semoules de blé,Semoules de blé dur","Semoule de blé dur (gluten) (59%), semoule de blé dur complète précuite (gluten) (14%), brisures de riz (10%), flocons de seigle malté (gluten), graines de sarrasin décortiqué toasté (4%), semoule de maïs précuite, farine d'orge maltée précuite (gluten) (0,8%), semoule de blé dur précuite (gluten), farine de blé précuite (gluten), curcuma.","1","b","b","348.0","3.5","0.0","false","pending","","Global Food Nutrition Database (Open Food Facts snapshot, 2025-12-10)"
"00436151","Tahini","By sainsbury's","United Kingdom","Plant-based foods and beverages,Plant-based foods,Cereals and potatoes,Spreads,Cereals and their products,Plant-based spreads,Oilseed purees,Cereal butters,Tahini","Sesame Seed (100%).","1","d","d","664.0","1.3","0.02","false","pending","","Global Food Nutrition Database (Open Food Facts snapshot, 2025-12-10)"
"20003166","Haferflocken","Brownfield, CROWNFIELD","Belgien,Frankreich,Deutschland,Italien,Niederlande,Spanien","Alimente și băuturi pe bază de plante,Alimente pe bază de plante,en:Breakfasts,Cereale și cartofi,en:Cereals and their products,en:Breakfast cereals,en:Flakes,en:Cereal flakes,en:Extruded flakes,en:Rolled flakes,en:Rolled oats,Cereale","100 % wholemeal oat flakes","1","a","a","372.0","0.7","0.03","false","pending","","Global Food Nutrition Database (Open Food Facts snapshot, 2025-12-10)"
"3021760403167","Pom'Potes Bio - Pomme Bio","Materne","France","Plant-based foods and beverages, Plant-based foods, Fruits and vegetables based foods, Desserts, Fruits based foods, Fresh foods, Compotes, Apple compotes, Compotes to drink","pomme 99,9 %, jus de citron concentré de citron, acide ascorbique,","1","a","a-plus","61.0","11.0","0.0","false","pending","","Global Food Nutrition Database (Open Food Facts snapshot, 2025-12-10)"
"8005110413520","Tomater Hakkede Økologisk 400g Mutti","Oluf lorentzen as, Mutti","Australia, Belgium, France, Germany, United States, en:united-kingdom","Plant-based foods and beverages, Plant-based foods, Fruits and vegetables based foods, Canned foods, Vegetables based foods, Canned plant-based foods, Vegetables, Canned vegetables, Tomatoes and their products, Tomatoes, Canned tomatoes, Tomato pulps","Organic diced tomatoes","1","a","a-plus","25.0","2.8","0.02","false","pending","","Global Food Nutrition Database (Open Food Facts snapshot, 2025-12-10)"
"6111242105287","Ghilal Panaché","Jaouda Copag","Morocco","Dairies, Fermented foods, Fermented milk products, Desserts, Dairy desserts, Fermented dairy desserts, Milks, Yogurts, en:stirred-yogurts","القيمة الغذاء 100 Valeurs nutemelles pour 100g kcal 68 ككال Valeurs énergétiques القيمة الحرارية البروتينات الكاربوهيدرات الدهنيات الكالسيوم الفوسفور Protéines Carbohydrates Lipides Calcium Phosphore 4 1,4 8 14,0 g 8 ع 4 0,7 mg 57 ملغ mg 38 ملغ","1","e","e","68.0","9.3","0.0","false","pending","","Global Food Nutrition Database (Open Food Facts snapshot, 2025-12-10)"
"3564706624474","Flocons d'avoine - Grainéa","Marque Repère, Grainéa","France, en:reunion","Aliments et boissons à base de végétaux, Aliments d'origine végétale, Petit-déjeuners, Céréales et pommes de terre, Céréales et dérivés, Céréales pour petit-déjeuner, Flocons, Flocons de céréales, Flocons laminés, en:oat-flakes","Flocons d'avoine.","1","a","b","372.0","0.7","0.01","false","pending","","Global Food Nutrition Database (Open Food Facts snapshot, 2025-12-10)"
"3177500000742","Unleavened Breads","Biscuiterie d'Agen","France","Aliments et boissons à base de végétaux, Aliments d'origine végétale, Céréales et pommes de terre, Pains, Pains plats, Pains azymes, Pains azymes à la farine de blé","wheat flour, water, contains gluten.","1","a","unknown","364.0","1.1","0.01","false","pending","","Global Food Nutrition Database (Open Food Facts snapshot, 2025-12-10)"
"5060132284308","Peanut Butter","Meridian","Spain, United Kingdom, en:ireland","Plant-based foods and beverages, Plant-based foods, Legumes and their products, Spreads, Plant-based spreads, Oilseed purees, Legume butters, Peanut butters, en:nut-butters","Roasted Peanuts","1","unknown","c","596.0","5.9","","false","pending","","Global Food Nutrition Database (Open Food Facts snapshot, 2025-12-10)"
"3033491147067","Activia bifidus nature 125g x 4","Activia, Activia yoghurt nature, Danone","France","Produits laitiers, Produits fermentés, Desserts, Produits laitiers fermentés, Desserts lactés, Desserts lactés fermentés, Desserts lactés fermentés nature, Yaourts au Bifidus, Yaourts au bifidus nature","LAIT partiellement écrémé à 3.2% de Mat. Gr. (98,5%), LAIT écrémé concentré ou en poudre, ferments (dont ferments du yaourt et Bifidobacterium (LAIT)). LAIT: Origine France","1","b","unknown","62.0","4.4","0.12","false","pending","","Global Food Nutrition Database (Open Food Facts snapshot, 2025-12-10)"
"6111162001553","Double concentre de tomate","Delicia","France,Maroc","Aliments et boissons à base de végétaux, Aliments d'origine végétale, Aliments à base de fruits et de légumes, Légumes et dérivés, Tomates et dérivés, Double concentré de tomate","Tomates","1","a","e","","","","false","pending","","Global Food Nutrition Database (Open Food Facts snapshot, 2025-12-10)"
"4066447468342","Bio-Erdnussmus","DmBio,Dm","Österreich,Frankreich,Deutschland","Pflanzliche Lebensmittel und Getränke,Pflanzliche Lebensmittel,Hülsenfrüchte und Hülsenfruchtprodukte,Brotaufstriche,Nüsse und Nussprodukte,Pflanzliche Brotaufstriche,Ölsaaten-Pürees,Hülsenfruchtbutter,Nußbutter,Erdnussbutter","Erdnüsse 100 %","1","a","b","630.0","5.9","0.01","false","pending","","Global Food Nutrition Database (Open Food Facts snapshot, 2025-12-10)"
"3564707000109","Torsades complètes","Bio Village, Marque Repère","France,Suisse","Aliments et boissons à base de végétaux, Aliments d'origine végétale, Pâtes alimentaires, Pâtes sèches, Pâtes sèches au blé complet","Semoule complète de blé dur issue de l'agriculture biologique. Traces de lupin, moutarde, œufs et soja.","1","a","a-plus","336.0","3.5","0.03","false","pending","","Global Food Nutrition Database (Open Food Facts snapshot, 2025-12-10)"
"3564706624467","Flocons d'avoine","Marque Repère, Grainéa","France","Aliments et boissons à base de végétaux,Aliments d'origine végétale,Petit-déjeuners,Céréales et pommes de terre,Céréales et dérivés,Céréales pour petit-déjeuner,Flocons,Flocons de céréales,Flocons laminés,Flocons d'avoine","Flocons d'avoine,","1","a","a","372.0","0.7","0.025","false","pending","","Global Food Nutrition Database (Open Food Facts snapshot, 2025-12-10)"
"4337256415965","Zarte Haferflocken","ja!","Deutschland","Pflanzliche Lebensmittel und Getränke,Pflanzliche Lebensmittel,Frühstücke,Getreide und Kartoffeln,Getreideprodukte,Frühstückscerealien,Getreideflocken,Frühstücksflocken,Gerollte Flocken,Haferflocken","Vollkornhaferflocken","1","a","a","371.0","0.8","0.01","false","pending","","Global Food Nutrition Database (Open Food Facts snapshot, 2025-12-10)"
"20226572","Persillade provençale","Kania","França,Alemanha,Suíça","Alimentos e bebidas à base de plantas,Alimentos à base de plantas,Condimentos,Plantas para culinária,Plantas aromáticas,Temperos,Ervas aromáticas,en:Groceries","oignon, persil, ciboulette, ail,  poivre noir séché, poivron rouge.","1","not-applicable","unknown","317.0","20.2","0.17","false","pending","","Global Food Nutrition Database (Open Food Facts snapshot, 2025-12-10)"
"5057753910822","Organic chickpeas in water","Tesco","United Kingdom","Plant-based foods and beverages, Plant-based foods, Legumes and their products, Canned foods, Legumes, Seeds, Canned plant-based foods, Legume seeds, Pulses, Chickpeas, Canned legumes, Canned chickpeas","Organic Chickpeas, Water.","1","a","a","115.0","0.4","0.1","false","pending","","Global Food Nutrition Database (Open Food Facts snapshot, 2025-12-10)"
"5036589255598","Organic Natural Yoghurt","Yeo Valley","United Kingdom","Dairies,Fermented foods,Fermented milk products,Desserts,Dairy desserts,Fermented dairy desserts,Yogurts,Plain fermented dairy desserts,Plain yogurts","Organic Milk, bifidobacterium live culture","1","b","a","72.0","4.9","0.117","false","pending","","Global Food Nutrition Database (Open Food Facts snapshot, 2025-12-10)"
"4013159604575","Fussili","Combino","France, Germany, en:belgium","Pflanzliche Lebensmittel und Getränke, Pflanzliche Lebensmittel, Getreide und Kartoffeln, Getreideprodukte, Teigwaren, en:Cereal pastas, Nudeln, Getrocknete Teigwaren, Hartweizenteigwaren, Fusilli, es:Fusilli de trigo duro","Hartweizengrieß 100%","1","a","unknown","359.0","3.0","0.03","false","pending","","Global Food Nutrition Database (Open Food Facts snapshot, 2025-12-10)"
"3329770082342","Skyr nature (8x Nature)","Yoplait","France","Produits laitiers,Produits fermentés,Produits laitiers fermentés,Desserts lactés fermentés,Fromages blancs - petit suisses et skyr,Yaourts,Desserts lactés fermentés nature,Skyrs,Skyrs nature","Yaourt maigre (Lait). Lait d'origine France.","1","a","b","57.0","3.6","0.035","false","pending","","Global Food Nutrition Database (Open Food Facts snapshot, 2025-12-10)"
"6111180007650","Cacao","Idéal","Maroc","Cacao et dérivés,Cacaos et chocolats en poudre,Cacaos en poudre","Poudre de Cacao","1","unknown","f","","","","false","pending","","Global Food Nutrition Database (Open Food Facts snapshot, 2025-12-10)"
"4056489340607","Peanut butter","Lidl, Vita d&#039;Or","Belgium, Netherlands, en:morocco","Plantaardige levensmiddelen en dranken, Plantaardige levensmiddelen, Bonen- en afgeleide producten, Smeerbare producten, Noten en -producten, Plantaardige smeerbare producten, Puree van oliehoudende zaden, Peulvruchtenpastas, Notenpasta's, Pindakazen","100% geroosterde pinda","1","a","c","639.0","5.0","0.0","false","pending","","Global Food Nutrition Database (Open Food Facts snapshot, 2025-12-10)"
"3123340008264","Jus à base de jus et purées concentrés.","Joker","France,en:france","Aliments et boissons à base de végétaux, Boissons, Boissons à base de végétaux, Boissons aux fruits, Jus et nectars, Jus de fruits, Boissons sans alcool, Jus de fruits à base de concentré, Jus multifruits, Jus multifruits à base de concentrés","jus à base de jus concentrés et purées de : pomme, orange, banane, mangue, peche, ananas, fruit de la passion, citron, carotte, Bien agiter avant de seruir, Pour une saveur optimale, Joker Le Fruit doit être conservé au réfrigerateur","1","d","d","46.0","9.9","0.0","false","pending","","Global Food Nutrition Database (Open Food Facts snapshot, 2025-12-10)"
"4056489682677","Pecan Nuts natural","Alesto","Germany,Hungary,Poland","Plantaardige levensmiddelen en dranken, Plantaardige levensmiddelen, Noten en -producten, Noten, Gepelde noten, Pecannote, en:shelled-pecan-nuts","pecannoten, kan sporen van andere noten en pinda's bevatten","1","a","e","725.0","4.1","0.01","false","pending","","Global Food Nutrition Database (Open Food Facts snapshot, 2025-12-10)"
"3504182960345","Tomates cerises allongées","Azura, Disma International","France","Plant-based foods and beverages,Plant-based foods,Fruits and vegetables based foods,Vegetables based foods,Vegetables,Fresh foods,Fresh plant-based foods,Tomatoes and their products,Fresh vegetables,Tomatoes,Cherry tomatoes,Fresh tomatoes","Tomates Cerises Allongées","1","a","not-applicable","19.3","2.48","0.0","false","pending","","Global Food Nutrition Database (Open Food Facts snapshot, 2025-12-10)"
"5051140350352","Wholewheat Penne","Tesco","France,United Kingdom","Plant-based foods and beverages,Plant-based foods,Cereals and potatoes,Cereals and their products,Pastas,Cereal pastas,Dry pastas,Durum wheat pasta,Durum wheat penne,Penne","Durum Wholewheat Semolina","1","a","unknown","145.0","0.7","0.02","false","pending","","Global Food Nutrition Database (Open Food Facts snapshot, 2025-12-10)"
"6111242880023","LBEN RAFII","rafii","Maroc","Produits laitiers,Produits fermentés,Produits laitiers fermentés,Boissons lactées,Boissons fermentées,Boissons lactées fermentées,Lait fermenté à boire nature maigre","Lait frais partiellement écrémé, ferments lactiques sélectionnés.
Matière grasse : 10 g/L","1","unknown","d","42.0","","0.0","false","pending","","Global Food Nutrition Database (Open Food Facts snapshot, 2025-12-10)"
"20202408","Pecan Nuts","Alesto","Austria,France,Germany,Italy,Spain","Plant-based foods and beverages, Plant-based foods, Nuts and their products, Nuts, Shelled nuts, Pecan nuts, Pecan nuts(plain)","Pecan nuts.","1","a","e","725.0","4.1","0.01","false","pending","","Global Food Nutrition Database (Open Food Facts snapshot, 2025-12-10)"
"3088543506255","Sirop d'Agave","Sunny Via","France,Polynésie française,Guadeloupe,Maroc,La Réunion,Suisse","Aliments et boissons à base de végétaux,Aliments d'origine végétale,Édulcorants,Sirops,Sirops simples,Sirops d'agave","agave syrup 100%","1","e","d","457.0","113.0","0.0","false","pending","","Global Food Nutrition Database (Open Food Facts snapshot, 2025-12-10)"
"5060238480345","Organic cacao nibs","Naturya","en:gb","Snacks, Cacao Nibs","100% Organic Cacao Nibs","1","d","unknown","633.0","0.7","0.02","false","pending","","Global Food Nutrition Database (Open Food Facts snapshot, 2025-12-10)"
"8480000868091","Cocktail Natural","Hacendado","España","Alimentos y bebidas de origen vegetal,Alimentos de origen vegetal,Frutos de cáscara y derivados,Frutos de cáscara,Almendras,Anacardos","NUECES, ALMENDRAS y ANACARDOS. TRAZAS DE CACAHUETÉ Y OTROS FRUTOS DE CÁSCARA.","1","c","e","651.0","5.2","0.0","false","pending","","Global Food Nutrition Database (Open Food Facts snapshot, 2025-12-10)"
"7613287170989","shredded wheat","Nestlé","en:gb","Plant-based foods and beverages, Plant-based foods, Breakfasts, Cereals and potatoes, Cereals and their products, Breakfast cereals, extruded cereals","whole grain wheat (100%)","1","a","d","367.0","0.7","0.05","false","pending","","Global Food Nutrition Database (Open Food Facts snapshot, 2025-12-10)"
"6130234001161","Lalla Khedidja","Cevital","Algérie,France","Beverages, Waters, Spring waters, en:natural-mineral-waters","eau de source.","1","a","not-applicable","0.0","0.0","0.00137","false","pending","","Global Food Nutrition Database (Open Food Facts snapshot, 2025-12-10)"
"8690508101426","Tukas Tomato Paste","Tukas","France, Germany, en:morocco","Aliments et boissons à base de végétaux, Aliments d'origine végétale, Aliments à base de fruits et de légumes, Légumes et dérivés, Tomates et dérivés, Double concentré de tomate, Concentrés de tomates","Tomates","1","a","c","100.0","12.0","0.7","false","pending","","Global Food Nutrition Database (Open Food Facts snapshot, 2025-12-10)"
"4056489462828","Simply porridge oats","Lidl","en:gb","Plant-based foods and beverages, Plant-based foods, Breakfasts, Cereals and potatoes, Cereals and their products, Breakfast cereals, Flakes, Cereal flakes, Rolled flakes, Porridge, Rolled oats","wholegrain rolled oats","1","a","a","368.0","1.0","0.025","false","pending","","Global Food Nutrition Database (Open Food Facts snapshot, 2025-12-10)"
"5011273040209","Organic honey","Rowse","United Kingdom","Breakfasts,Spreads,Sweet spreads,Bee products,Farming products,Sweeteners,Honeys","Organic honey.","2","e","a-plus","329.0","80.8","0.03","false","pending","","Global Food Nutrition Database (Open Food Facts snapshot, 2025-12-10)"
"20020811","Sel fin","Chantesel","France,en:belgium,","en:condiments, en:salts, en:groceries, fr:sels-fins","Sel fin, antiagglomérant : E536","2","not-applicable","a","0.0","0.0","100.0","false","pending","","Global Food Nutrition Database (Open Food Facts snapshot, 2025-12-10)"
"20001056","Miel crémeux","Maribel","Frankreich, Germany","Petit-déjeuners, Produits à tartiner, Produits à tartiner sucrés, Produits de la ruche, Produits d'élevages, Édulcorants, Miels, Miels de fleurs, Miels crémeux","Miel de fleurs","2","d","a","302.0","75.1","2.5e-05","false","pending","","Global Food Nutrition Database (Open Food Facts snapshot, 2025-12-10)"
"01292619","Basics Clear Honey","Sainsbury's, Sainsbury's basics","France,United Kingdom","Breakfasts, Spreads, Sweet spreads, Bee products, Farming products, Sweeteners, Honeys","honey 100%","2","e","b","329.0","80.8","0.03","false","pending","","Global Food Nutrition Database (Open Food Facts snapshot, 2025-12-10)"
"3183280017337","Sel Fin","La baleine","France,Luxembourg","Condiments, Sels, Sels marins, Sels fins","sea salt, potassium fluoride: 250 mg/kg (expressed as fluorine element), sodium iodide: 15 to 20 mg/kg (expressed as iodine element), anti-caking agents: magnesium carbonates, e530, e535,","2","not-applicable","a-plus","0.0","0.0","97.5","false","pending","","Global Food Nutrition Database (Open Food Facts snapshot, 2025-12-10)"
"6191509900664","Extra Virgin Olive Oil","Terra Delyssa","France, Switzerland, Tunisia, United States, World, en:united-kingdom","Aliments et boissons à base de végétaux, Aliments d'origine végétale, Matières grasses, Matières grasses végétales, Produits de l'olivier, Huiles, Huiles d'olive, Huiles d'olive vierges extra, Huiles d'olive de Tunisie, Huiles d'olive vierges","First Cold Pressed Extra Virgin Olive Oil","2","b","b","800.0","0.0","0.0","false","pending","","Global Food Nutrition Database (Open Food Facts snapshot, 2025-12-10)"
"3250390100232","Le vinaigre de Cidre","Bouton d'or","France","Condiments, Vinaigres, Vinaigres de cidre","Vinaigre de cidre, conservateur : bisulfite de sodium E222","2","not-applicable","a","0.0","0.0","","false","pending","","Global Food Nutrition Database (Open Food Facts snapshot, 2025-12-10)"
"4056489108375","Краве масло 82%","Pilos","Bulgaria, Croatia, Germany, Romania, Serbia, en:hungary","Млечни продукти, Мазнини, Крем за мазане, en:Spreadable fats, Животински мазнини, Млечни кремове, Млечни мазнини, Краве масло, en:Sweet cream butters","масло","2","e","e","747.0","0.6","0.02","false","pending","","Global Food Nutrition Database (Open Food Facts snapshot, 2025-12-10)"
"3410280012285","Sucre sachet Poudre 1 Kg","Top budget","France","Édulcorants,Sucres,Sucres de betterave,Sucres en poudre,Sucres blancs, Autres produits","Sucre","2","e","a-plus","400.0","100.0","0.0","false","pending","","Global Food Nutrition Database (Open Food Facts snapshot, 2025-12-10)"
"5013635101818","100% pure coconut oil","Ktc","France,United Kingdom","Plant-based foods and beverages, Plant-based foods, Fats, Vegetable fats, Vegetable oils, Fruit and fruit seed oils, Coconut oils","100% coconut oil,","2","e","unknown","899.0","0.0","0.01","false","pending","","Global Food Nutrition Database (Open Food Facts snapshot, 2025-12-10)"
"5011544070034","Lo Salt","Lo Salt","Bélgica,Francia,Reino Unido","Condiments, Sels, Sels de table","Chlorure de potassium (66% min,), Chlorure de sodium (33,3% max), anti-agglomérants (carbonate de magnésium et sels hexacyanoferrate)","2","not-applicable","a","0.0","0.0","33.27","false","pending","","Global Food Nutrition Database (Open Food Facts snapshot, 2025-12-10)"
"6111184003665","VINAIGRE DE CIDRE DE POMME","Star","France, en:morocco","Condiments, Vinaigres, Vinaigres de cidre","Vinaigre de cidre de pommes et conservateur: E228 (Sulfite acide de potassium)","2","not-applicable","a","","","","false","pending","","Global Food Nutrition Database (Open Food Facts snapshot, 2025-12-10)"
"5000436449515","Organic Butter","Tesco","United Kingdom","Dairies, Fats, Spreads, Spreadable fats, Animal fats, Milkfat, Dairy-spread, Butters, Salted butters","Butter (_milk_), Salt (1.7%)","2","e","c","745.0","0.6","1.5","false","pending","","Global Food Nutrition Database (Open Food Facts snapshot, 2025-12-10)"
"3445850024023","Sel moulu de Guérande","Le Guérandais","France","Condiments, Sels, Sels français, Sels marins, Sels de Guérande, Sels fins, en:Groceries","100% sel de Guérande.","2","not-applicable","a-plus","0.0","0.0","85.0","false","pending","","Global Food Nutrition Database (Open Food Facts snapshot, 2025-12-10)"
"5740900404496","Butter","Lurpak","en:United Kingdom","Dairies, Fats, Spreads, Spreadable fats, Animal fats, Milkfat, Dairy-spread, Butters","butter (milk), lactic culture (milk), salt,","2","e","e","739.0","0.7","1.18","false","pending","","Global Food Nutrition Database (Open Food Facts snapshot, 2025-12-10)"
"4056489973027","Olivenöl","Lidl","Germany, en:united-kingdom","Pflanzliche Lebensmittel und Getränke, Pflanzliche Lebensmittel, Fette, Pflanzenfette, Olivenbaumprodukte, Pflanzenöle, Olivenöle, Native Olivenöle Extra","Oliven","2","b","e","828.0","0.0","0.0","false","pending","","Global Food Nutrition Database (Open Food Facts snapshot, 2025-12-10)"
"6191509907892","Huile d'olive vierge extra","Terra Delyssa","France","Aliments et boissons à base de végétaux,Aliments d'origine végétale,Matières grasses,Surgelés,Matières grasses végétales,Produits de l'olivier,Huiles,Huiles d'olive,Huiles d'olive vierges extra,Huiles d'olive de Tunisie,Huiles d'olive vierges","HUILE D'OLIVE VIERGE EXTRA.","2","b","d","821.0","0.0","0.0","false","pending","","Global Food Nutrition Database (Open Food Facts snapshot, 2025-12-10)"
"20436568","Clear Honey","Highgate Fayre, Lidl","France,Ireland,United Kingdom","Breakfasts, Spreads, Sweet spreads, Bee products, Farming products, Sweeteners, Honeys","100% honey","2","e","a","336.0","81.0","0.0","false","pending","","Global Food Nutrition Database (Open Food Facts snapshot, 2025-12-10)"
"7610313390076","Herbamare original","A.Vogel","France","Condiments,Salts,French salts,Sea salts,fr:Sel de Camargue,fr:Sel aux plantes","Sel marin, légumes (céleri, poireau, cresson, oignon, ail), fines herbes frais (ciboulette, persil, livèche, basilic, marjolaine, romarin, thym), algue marine kelp.","2","not-applicable","a-plus","18.0","1.5","93.6","false","pending","","Global Food Nutrition Database (Open Food Facts snapshot, 2025-12-10)"
"5200101804582","Huile D'Olive Vierge Extra De Crète","Terra Creta Estate","France","Plant-based foods and beverages, Plant-based foods, Fats, Vegetable fats, Olive tree products, Vegetable oils, Olive oils, Extra-virgin olive oils, Virgin olive oils, en:greek-oils-and-fats","Huile d'olive vierge extra","2","b","d","821.0","0.0","0.0","false","pending","","Global Food Nutrition Database (Open Food Facts snapshot, 2025-12-10)"
"8410179009391","Huile d'olive vierge extra","Tramier","France","Aliments et boissons à base de végétaux,Aliments d'origine végétale,Matières grasses,Matières grasses végétales,Produits de l'olivier,Huiles,Huiles d'olive,Huiles d'olive vierges extra,Huiles d'olive vierges","huile d'olive","2","b","d","900.0","0.0","0.0","false","pending","","Global Food Nutrition Database (Open Food Facts snapshot, 2025-12-10)"
"3564700659076","Cassonade pure canne","Marque Repère, Tablier Blanc","Pays-Bas","Édulcorants, Sucres, Sucres roux, Sucres de canne, Cassonades","Sucre roux de canne","2","e","c","396.0","99.0","0.0","false","pending","","Global Food Nutrition Database (Open Food Facts snapshot, 2025-12-10)"
"5051008878592","Organic Extra Virgin Olive Oil","Tesco","France,United Kingdom,Ireland","Plant-based foods and beverages, Plant-based foods, Fats, Vegetable fats, Olive tree products, Vegetable oils, Olive oils, Extra-virgin olive oils, Virgin olive oils","Extra Virgin Olive Oil","2","b","c","900.0","0.0","0.0","false","pending","","Global Food Nutrition Database (Open Food Facts snapshot, 2025-12-10)"
"3183280021259","Sel de mer fin","La Baleine","France","Condiments, Sels, Sels marins, Sels fins, en:groceries, Sels-iodes","Sel de mer, iodure de sodium: 15 à 20 mg/kg (exprimés en élément iode), antiagglomérants: carbonates de magnésium, E535.","2","not-applicable","a","0.0","0.0","97.7","false","pending","","Global Food Nutrition Database (Open Food Facts snapshot, 2025-12-10)"
"3088540255279","Miel de Fleurs BIO liquide Doseur 500g","Lune de miel","France,Sweden","Petit-déjeuners, Produits à tartiner, Produits à tartiner sucrés, Produits de la ruche, Produits d'élevages, Édulcorants, Miels, Miels de fleurs, Miels liquides","miels de fleurs issus de l'Agriculture Biologique.","2","d","a-plus","320.0","80.0","0.02","false","pending","","Global Food Nutrition Database (Open Food Facts snapshot, 2025-12-10)"
"3088540002262","Miel l'apiculteur","L'Apiculteur, Yves Michaud","France","Petit-déjeuners, Produits à tartiner, Produits à tartiner sucrés, Produits de la ruche, Produits d'élevages, Édulcorants, Miels, Miels liquides","Miel","2","d","a","320.0","80.0","0.0","false","pending","","Global Food Nutrition Database (Open Food Facts snapshot, 2025-12-10)"
"5000119018663","Sunflower oil","Tesco","France,United Kingdom","Plant-based foods and beverages, Plant-based foods, Fats, Vegetable fats, Vegetable oils, Sunflower seeds and their products, Sunflower oils","Sunflower oil.","2","c","c","900.0","0.0","0.0","false","pending","","Global Food Nutrition Database (Open Food Facts snapshot, 2025-12-10)"
"8720573392600","Sel rose","AM/63","Belgium, Netherlands, en:france","Smaakmakers, Zouten","100% sel rose.","2","not-applicable","a","0.0","0.0","96.87","false","pending","","Global Food Nutrition Database (Open Food Facts snapshot, 2025-12-10)"
"6111031005064","Tonik","bimo","Morocco","Plant-based foods and beverages,Plant-based foods,Snacks,Cereals and potatoes,Sweet snacks,Biscuits and cakes,Biscuits and crackers,Cereals and their products,Cocoa and its products,Confectioneries,Flours,Biscuits,Cereal flours,Chocolate candies,Sweeteners,Wheat flours,Sugars,fr:Gaufrettes-fourrees-au-cacao","Coffret fourré au cacao (41,6%) et à la vanille (208) - Ingrédients Farine de blé, sucre, huile végétale non hydrogénée (huile de palme), filtrat de lait, poudre de cacao Émulsifiant à faible teneur en cacao (322) Lécithine de soja) Agent levant (5000) Sucre artificiel (vanilline) Sel Contient du lait, du blé (gluten) du soja","2","e","b","504.0","40.0","0.217","false","pending","","Global Food Nutrition Database (Open Food Facts snapshot, 2025-12-10)"
"5740900805408","Lurpak Spreadable Slightly Salted","Lurpak","France, United Kingdom","Dairies, Fats, Spreads, Spreadable fats, Animal fats, Milkfat, Dairy-spread, Butters","butter (64%) (milk), rapeseed oil, water, lactic culture (milk), salt, for allergens, see ingredients in bold,","2","e","e","680.0","1.0","0.9","false","pending","","Global Food Nutrition Database (Open Food Facts snapshot, 2025-12-10)"
"3088541002476","Miel de France","Famille Michaud","France","Petit-déjeuners,Produits à tartiner,Produits à tartiner sucrés,Produits de la ruche,Produits d'élevages,Édulcorants,Miels français,miels","Miel de Fleurs","2","e","a-plus","","","","false","pending","","Global Food Nutrition Database (Open Food Facts snapshot, 2025-12-10)"
"3220035150007","Etui Bec Verseur Sucre en Poudre Saint Louis Sucre 1kg","Saint louis","France","Édulcorants,Sucres,Sucres de betterave,Sucres en poudre,Sucres cristal,Sucres blancs","Sucre en Poudre","2","e","a-plus","400.0","100.0","0.0","false","pending","","Global Food Nutrition Database (Open Food Facts snapshot, 2025-12-10)"
"3560070910366","Huile d'olive vierge extra","Carrefour BIO,Carrefour","Belgique,France,Pologne,Roumanie","Aliments et boissons à base de végétaux,Aliments d'origine végétale,Matières grasses,Matières grasses végétales,Produits de l'olivier,Huiles,Huiles d'olive,Huiles d'olive vierges,en:Olive-oil-blends,Huile d'olive vierge extra","Huile d'olive vierge extra issue de l'agriculture biologique.","2","b","c","823.0","0.0","0.0","false","pending","","Global Food Nutrition Database (Open Food Facts snapshot, 2025-12-10)"
"4088600313979","Nordpack Spreadable Butter","","en:gb","Dairies, Fats, Spreads, Spreadable fats, Animal fats, Milkfat, Dairy-spread, Butters","BUTTER 55% (_Milk_), Rapeseed Oil, RECONSTITUTED _BUTTERMILK_ 7%, Water, Lactic Cultures (_Milk_), Salt.","2","d","d","677.0","0.5","0.95","false","pending","","Global Food Nutrition Database (Open Food Facts snapshot, 2025-12-10)"
"5019989103096","Fine Sea Salt","Saxa","France, United Kingdom","en:table-salts","Sea Salt, Anti-caking Agent (Sodium Hexacyanoferrate ll).","2","not-applicable","a","","","","false","pending","","Global Food Nutrition Database (Open Food Facts snapshot, 2025-12-10)"
"3036810230860","Vinaigre de cidre","Maille, Unilever","France, Senegal, en:morocco","Condiments,Vinaigres,Vinaigres de cidre,en:groceries","Vinaigre de cidre 85% (dont SULFITES), jus de pomme concentré 14%, conservateur : DISULFITE de potassium.","2","not-applicable","a-plus","64.0","11.0","0.01","false","pending","","Global Food Nutrition Database (Open Food Facts snapshot, 2025-12-10)"
"3560071411824","Sucre fleurs de coco","Carrefour BIO, Carrefour","France, Italie, Espagne","Édulcorants,Sucres,Sucres de coco","100% sucre de fleurs de coco biologique","2","e","a-plus","388.0","93.0","0.28","false","pending","","Global Food Nutrition Database (Open Food Facts snapshot, 2025-12-10)"
"3265474000018","Huile Isio 4","Lesieur","France,Allemagne,Guadeloupe,La Réunion,Suisse","Aliments et boissons à base de végétaux,Aliments d'origine végétale,Matières grasses,Matières grasses végétales,Huiles,Huiles aromatisées,Mélanges d'huiles,en:combined-oil-blended-vegetable-oils","Huile de colza 47%, huile de tournesol 43%, Oléisol (huile de tournesol à haute teneur en acide oléique) 5%, huile de lin 5%, arôme naturel de coriandre, vitamine D","2","b","b","900.0","0.0","0.0","false","pending","","Global Food Nutrition Database (Open Food Facts snapshot, 2025-12-10)"
"5060265830274","Extra Virgin Rapeseed Oil","Mr Hughs","en:United Kingdom","Plant-based foods and beverages, Plant-based foods, Fats, Vegetable fats, Vegetable oils, Rapeseed oils","100% rapeseed oil","2","b","c","899.0","0.5","0.01","false","pending","","Global Food Nutrition Database (Open Food Facts snapshot, 2025-12-10)"
"3088540004440","Tartimiel® Lune de Miel® doseur 250 g","Lune de Miel","France, Réunion, Switzerland, en:morocco","Plant-based foods and beverages, Plant-based foods, Breakfasts, Spreads, Sweet spreads, Bee products, Farming products, Sweeteners, Honeys, Liquid honeys, en:flower-honeys","Mélange de miels non originaires et originaires de l'UE.","2","d","a","320.0","80.0","5e-05","false","pending","","Global Food Nutrition Database (Open Food Facts snapshot, 2025-12-10)"
"3265475009003","HUILE D'OLIVE  SQUEEZE","Puget","France","Aliments et boissons à base de végétaux, Aliments d'origine végétale, Matières grasses, Matières grasses végétales, Produits de l'olivier, Huiles, Huiles d'olive, Huiles d'olive vierges extra, Huiles d'olive vierges","Huile d'olive","2","b","d","900.0","0.0","0.0","false","pending","","Global Food Nutrition Database (Open Food Facts snapshot, 2025-12-10)"
"20711115","cassonade","Lidl, navarre","France","Édulcorants,Sucres,sucres de canne","100% Sucre Pure Canne","2","e","c","400.0","98.9","0.01","false","pending","","Global Food Nutrition Database (Open Food Facts snapshot, 2025-12-10)"
"3451790011269","Beurre à teneur réduite en matières grasses","Elle & Vire","France,Suisse","Produits laitiers,Matières grasses,Produits à tartiner,Matières grasses à tartiner,Matières grasses animales,Produits laitiers à tartiner,Matière grasse laitière,Beurres,Beurres doux,Beurres allégés,Beurres de crème douce","Beurre, eau, ferments lactiques (lait)","2","e","d","547.0","0.8","0.05","false","pending","","Global Food Nutrition Database (Open Food Facts snapshot, 2025-12-10)"
"3088545004001","Miel de Fleurs Liquide Doseur 500g","Lune de Miel","France,Allemagne,La Réunion,Sénégal,Suède,Suisse","Petit-déjeuners, Produits à tartiner, Produits à tartiner sucrés, Produits de la ruche, Produits d'élevages, Édulcorants, Miels, Miels de fleurs, Miels liquides","Miel de Fleurs","2","d","a","320.0","80.0","0.02","false","pending","","Global Food Nutrition Database (Open Food Facts snapshot, 2025-12-10)"
"3183280000728","Sel Moulu de Méditerranée","la baleine","France,Allemagne,Suisse","Condiments, Sels, Sels marins","Sel de mer, iodate de potassium: 15 à 20 mg/kg (exprimé en élément iode), antiagglomérants: carbonates de magnésium, E535.","2","not-applicable","a","","","97.7","false","pending","","Global Food Nutrition Database (Open Food Facts snapshot, 2025-12-10)"
"8006380226032","CremaNovi","Novi","France,Italy","Breakfasts, Fats, Spreads, Sweet spreads, fr:Pâtes à tartiner, Hazelnut spreads","Nocciole 45%, zucchero, cacao magro (9%), latte scremato in polvere, burro di cacao.","2","c","d","550.0","40.7","0.09","false","pending","","Global Food Nutrition Database (Open Food Facts snapshot, 2025-12-10)"
"3165430501002","Sucre Cassonnade","Daddy","France, Germany","Édulcorants, Sucres, Sucres roux, Sucres de canne, Cassonades","Sucre pure canne non raffiné","2","e","b","400.0","100.0","0.0","false","pending","","Global Food Nutrition Database (Open Food Facts snapshot, 2025-12-10)"
"0815074022915","Avocado Oil Spray","Chosen Foods","Canada, United States, World, en:united-kingdom","Plant-based foods and beverages,Plant-based foods,Fats,Vegetable oils,Fruit and fruit seed oils,Avocado oils,Avocado","AVOCADO OIL.","2","unknown","f","","","","false","pending","","Global Food Nutrition Database (Open Food Facts snapshot, 2025-12-10)"
"6130234002366","skor","cevital. da100","Algérie","Édulcorants, Sucres, Sucres blancs","sucre de canne.","2","e","a","","","","false","pending","","Global Food Nutrition Database (Open Food Facts snapshot, 2025-12-10)"
"4056489135524","Sunflower Oil","Vita d'Or, VitaD'or","Belgien,Tjeckien,Frankrike,Tyskland,Irland,Nederländerna,Storbritannien,Sverige","Växtbaserad mat och dryck,Växtbaserad mat,Fett,en:Vegetable fats,Vegetabiliska oljor,en:Sunflower seeds and their products,Solrosoljor","Solrosolja.","2","c","c","828.0","0.0","0.0","false","pending","","Global Food Nutrition Database (Open Food Facts snapshot, 2025-12-10)"
"00234924","6 White Pittas","By Sainsbury's,Sainsbury’s","United Kingdom","Plant-based foods and beverages, Plant-based foods, Cereals and potatoes, Breads, Special breads, Flatbreads, Pitas, White Pitta","fortified british wheat flour (wheat flour, calcium carbonate, iron, niacin, thiamin), water, yeast, salt, spirit vinegar, preservative, calcium propionate","3","b","a","254.0","2.46","0.588","false","pending","","Global Food Nutrition Database (Open Food Facts snapshot, 2025-12-10)"
"3415581101928","Vanilla Ice Cream","Häagen-Dazs","France,Ireland,United Kingdom","Desserts,Frozen foods,Frozen desserts,Ice creams and sorbets,Ice creams,Ice cream tubs,Vanilla ice cream tubs","Fresh cream (39.2%), condensed skimmed milk, sugar, water, egg yolk, vanilla extract.","3","d","b","251.0","18.8","0.16","false","pending","","Global Food Nutrition Database (Open Food Facts snapshot, 2025-12-10)"
"5010292967214","Super-Beet Kimchi","Vadasz","en:gb","Plant-based foods and beverages, Plant-based foods, Fermented foods, Fruits and vegetables based foods, Vegetables based foods, Fermented vegetables, Kimchi","Beetroot, Red Cabbage, Carrot, Water, Apple, Spring Onion, Sea Salt, Garlic, Ginger, Chilli Powder","3","c","unknown","22.0","0.0","2.4","false","pending","","Global Food Nutrition Database (Open Food Facts snapshot, 2025-12-10)"
"3523237756009","La bûche légère -30% M.G","Soignon","France,Guadeloupe","Produits laitiers, Produits fermentés, Produits laitiers fermentés, Fromages, Fromages de chèvre, Fromages pasteurisés, Bûche de chèvre, Fromages-alleges","Lait de chèvre (origine France), sel, ferments (dont lait), coagulant.","3","d","d","205.0","1.2","1.67","false","pending","","Global Food Nutrition Database (Open Food Facts snapshot, 2025-12-10)"
"3608580024408","Lemon curd","Bonne Maman","United Kingdom","Breakfasts, Spreads, Sweet spreads, Fruit curds, Lemon curds","Sugar, lemon juice (22%), _ eggs_, butter (_milk_) , tapioca starch, lemon essential oil.","3","e","unknown","330.0","53.0","0.05","false","pending","","Global Food Nutrition Database (Open Food Facts snapshot, 2025-12-10)"
"5059512738814","All butter shortbread fingers","Tesco","en:gb","Snacks, Sweet snacks, Biscuits and cakes, Biscuits, Shortbread cookies, Shortbread","Wheat Flour (Wheat Flour, Calcium Carbonate, Iron, Niacin, Thiamin), Butter (Milk) (33%), Sugar, Cornflour, Salt.","3","e","c","513.0","13.1","0.43","false","pending","","Global Food Nutrition Database (Open Food Facts snapshot, 2025-12-10)"
"40193151","Exquisa der Sahnige","Exquisa","Belgium,Bulgaria,Germany,Spain","Dairies,Fermented foods,Fermented milk products,Cheeses,Spreads,Salted spreads,Cheese spreads,Cream cheeses","Frischkäse (Milch, Rahm), Sahnejoghurt, Speisesalz","3","d","c","238.0","3.0","0.7","false","pending","","Global Food Nutrition Database (Open Food Facts snapshot, 2025-12-10)"
"3019081239633","Thon entier au naturel albacore","Petit Navire","France","Produits de la mer,Poissons et dérivés,Conserves,Poissons,Poissons gras,Poissons en conserve,Thons,Thons en conserve,Thons tropicaux,Thons albacore,Thons au naturel","_Thon_, eau, sel.","3","a","f","100.0","0.0","1.0","false","pending","","Global Food Nutrition Database (Open Food Facts snapshot, 2025-12-10)"
"3248830000143","Pâte à tarte brisée - Pur beurre","Marie","France","Plant-based foods and beverages,Plant-based foods,Cereals and potatoes,Cereals and their products,Pie dough,Shortcrust pastry,Raw shortcrust pastry with pure butter","Farine de _blé_ origine France 55%, eau, _beurre_ pâtissier 18,5%, vinaigre, sucre, sel, levure désactivée.","3","d","c","367.0","2.3","0.94","false","pending","","Global Food Nutrition Database (Open Food Facts snapshot, 2025-12-10)"
"5000462979826","Mild & Creamy Mozzarella Grated","Tesco","France,United Kingdom","Dairies,Fermented foods,Fermented milk products,Cheeses,Italian cheeses,Stretched-curd cheeses,Mozzarella","Mozzarella Full Fat Soft Cheese (Milk), Potato Starch.","3","d","c","296.0","1.0","1.42","false","pending","","Global Food Nutrition Database (Open Food Facts snapshot, 2025-12-10)"
"3168930168195","Chips paysanne nature","Lay's","France","Plant-based foods and beverages,Plant-based foods,Snacks,Cereals and potatoes,Salty snacks,Appetizers,Chips and fries,Crisps,Potato crisps,Farmer's crisps,Potato crisps in sunflower oil","Pommes de terre (65%),huiles végétales (tournesol, colza, maïs en proportion variable),sel","3","d","b","514.0","0.5","1.3","false","pending","","Global Food Nutrition Database (Open Food Facts snapshot, 2025-12-10)"
"3245412956355","Houmous Pois chiche & sésame","Carrefour","France","Aliments et boissons à base de végétaux, Aliments d'origine végétale, Condiments, Produits à tartiner, Pâtes à tartiner végétales, Produits à tartiner salés, Sauces, Trempettes, Houmous, Houmous classiques","Pois chiches 53%, eau, purée de _graines de sésame_ 11%, huile de colza, jus de citron concentré, vinaigre d'alcool, sel, ail. Peut contenir des traces de céleri, céréales contenant du gluten, crustacés, fruits à coque, lait, mollusques, moutarde, œufs, poissons, soja.","3","c","a","255.0","0.5","0.82","false","pending","","Global Food Nutrition Database (Open Food Facts snapshot, 2025-12-10)"
"8013355501506","Gpav cracker salato pav 560 gr","Gran Pavesi","Italy, Germany, France","snacks, salty-snacks, appetizers, da:crackers, Chips et frites, Chips","Farine de BLÉ 94g*, huile de soja, extrait de malt d'ORGE et de maïs, sel 1,7g*, correcteur d'acidité : carbonate acide de sodium, farine d'ORGE maltée, levure. *Pour 100 grammes de produit fini. Peut contenir des traces d'OEUFS, SOJA, LAIT, FRUITS À COQUE, MOUTARDE.","3","d","b","436.0","3.2","2.2","false","pending","","Global Food Nutrition Database (Open Food Facts snapshot, 2025-12-10)"
"3245361002240","Cassoulet au Canard","La Belle Chaurienne","France,Allemagne","Conserves, Viandes et dérivés, Plats préparés, Plats préparés à la viande, Plats à la volaille, Plats à base de haricots, Plats préparés en conserve, Plats au canard, Cassoulets, Cassoulets au confit de canard","Haricots lingots 35% - Eau - Manchon de canard précuit 20% (manchon de canard origine France, sel - Saucisse de Toulouse grillée 12% (viande et gras de porc origine France ou Espagne, eau, boyau naturel de porc, sel, poivre) - Concentré de tomates - Sel - Graisse de canard - Ail - Poivre. (% exprimés à la mise en œuvre). Les haricots lingots ne proviennent pas de Castelnaudary","3","b","b","134.0","0.5","0.8","false","pending","","Global Food Nutrition Database (Open Food Facts snapshot, 2025-12-10)"
"3760091725554","Chocolat Côte d'Ivoire grand crû M'Brimbo","Éthiquable","France","Cacao et dérivés,Chocolats,Chocolats noirs,Chocolat noir en tablette extra dégustation à 70% de cacao minimum","pâte de cacao°* de Côte d'Ivoire 78%, sucre de canne°*, beurre de cacao°* 10%.

°issus de l'agriculture biologique (100%) * issus du commerce équitable (100% du poids total avec 89% SPP). 
Peut contenir des traces de fruits à coque, lait, gluten.","3","d","c","626.0","11.0","0.1","false","pending","","Global Food Nutrition Database (Open Food Facts snapshot, 2025-12-10)"
"6111242040823","Chips chili","","en:ma","en:flavoured-potato-crisps","pommes de terre, huile végétale, sel","3","c","b","545.0","0.0","0.85","false","pending","","Global Food Nutrition Database (Open Food Facts snapshot, 2025-12-10)"
"3560070845408","yaourt au lait entier nature","Carrefour BIO","France","Produits laitiers,Produits fermentés,Produits laitiers fermentés,Desserts,Desserts lactés,Desserts lactés fermentés,Yaourts,Desserts lactés fermentés nature,Yaourts natures,Yaourts entiers","Lait entier bio 96%, poudre de lait écrémé, ferments lactiques.","3","b","a-plus","78.75","5.125","0.1625","false","pending","","Global Food Nutrition Database (Open Food Facts snapshot, 2025-12-10)"
"8711299020403","Noix de cajou non salées","Snacks of The World","France","Aliments et boissons à base de végétaux,Aliments d'origine végétale,Surgelés,Fruits à coques et dérivés,Fruits à coques,Noix de cajou,Noix de cajou non-salées","_Noix de cajou_ 96,5%, huile de tournesol","3","unknown","e","628.0","5.7","","false","pending","","Global Food Nutrition Database (Open Food Facts snapshot, 2025-12-10)"
"7300400118101","Original","wasa","Bosnia and Herzegovina, Croatia, Czech Republic, France, Germany, Greece, Hungary, Italy, Montenegro, Poland, Serbia, Spain, Sweden, Turkey, United Kingdom, en:romania","Plant-based foods and beverages,Plant-based foods,Cereals and potatoes,Breads,Crispbreads","Farina integrale di segale (77 g*), farina di segale (28 g*), lievito, sale. *in g per 100 g di prodotto finito. Può contenere tracce di latte e semi di sesamo.","3","a","unknown","336.0","1.0","1.0","false","pending","","Global Food Nutrition Database (Open Food Facts snapshot, 2025-12-10)"
"5025820000738","Sliced Green Jalapeño Peppers","Aleyna","France,United Kingdom","Plant-based foods and beverages, Plant-based foods, Pickles, Plant-based pickles, Pickled jalepeno","Jalapeno Peppers (50%), Water, Spirit Vinegar, Salt.","3","d","unknown","17.0","0.4","3.0","false","pending","","Global Food Nutrition Database (Open Food Facts snapshot, 2025-12-10)"
"3038350013002","Panzani coquillette 500g","Ebro Foods, Panzani","Frankreich, Germany","Plant-based foods and beverages, Plant-based foods, Meats and their products, Prepared meats, Pastas, fr:Charcuteries diverses, Dry pastas","100% semoule de _BLÉ_ dur de qualité supérieure, Si le numéro de lot contient la lettre N: peut contenir de l'oeuf,","3","a","unknown","361.0","3.7","0.0","false","pending","","Global Food Nutrition Database (Open Food Facts snapshot, 2025-12-10)"
"20054793","Peanuts roasted & salted","Alesto","Bélgica,Francia,Alemania,Italia,Países Bajos,Suecia,España","Alimentos y bebidas de origen vegetal,Alimentos de origen vegetal,Leguminosas y derivados,Botanas,Leguminosas,Snacks salados,Frutos de cáscara y derivados,Frutos de cáscara,Anacardos,Frutos de cáscara tostados,Cacahuetes,en:Salted nuts,en:Peanut grilled salted,Cacahuetes tostados,Cacahuetes salados","peanuts, sunflower oil, cooking salt, may contain traces of gusclo fruit,","3","b","d","619.0","5.3","0.8","false","pending","","Global Food Nutrition Database (Open Food Facts snapshot, 2025-12-10)"
"3083681027860","Haricots Verts extra-fins 4/4","Cassegrain","France,en:france","Aliments et boissons à base de végétaux, Aliments d'origine végétale, Aliments à base de fruits et de légumes, Légumineuses et dérivés, Conserves, Légumineuses, Légumes et dérivés, Aliments à base de plantes en conserve, Légumes, Légumes en conserve, Haricots verts, Légumineuses en conserve, Haricots verts en conserve, en:Vegetables - Prepared/Processed (Shelf Stable)","Haricots verts extra-fins 54%, eau, sel, oignon grelot 0,2% (« s » pour le format 4/4)","3","a","a","20.0","1.3","0.79","false","pending","","Global Food Nutrition Database (Open Food Facts snapshot, 2025-12-10)"
"5060482840179","Apple & Raisin Oat Bars","deliciously ella","France, en:united-kingdom","Snacks,Sweet snacks,Bars,Cereal bars,Fruits cereal bars,Apple cereal bars","Gluten Free _Oats_ (44%), _Rice_ Syrup, Coconut Oil, Raisins (8%), Coconut Sugar, Rapeseed Oil, Dried Apple Pieces (5%), Cinnamon (Cassia).","3","e","b","426.0","29.0","0.28","false","pending","","Global Food Nutrition Database (Open Food Facts snapshot, 2025-12-10)"
"3175681281936","Curry thaï","Céréal BIO","France","Plant-based foods and beverages, Plant-based foods, Meals, Plant-based meals, en:microwave-meals","Eau, lentilles vertes* 13,7%, pois chiches réhydratés* 12.9%, lait de coco* 7,3%, carottes* 6,3%, poivrons rouges* 5,8%, oignons* 4,2%, huile de tournesol*, protéines de soja texturées* 2,5%, ail*, sauce soja* 1,5% (eau, soja*, blé, sel, alcool*), pâte de curry rouge* 1.1% (piment*. coco 7.3%, carottes* 6,3%, poivrons rouges* 5,8%, oignons 4,2%, huile de tournesol, protéines de soja , citron vert*), coriandre*, curry* (céleri, moutarde), sel de mer. *Ingrédients issus de l'agriculture biologique.
Fabriqué dans un atelier qui utilise : fruits à coque, lait, oeuf, sésame.","3","a","unknown","109.0","1.5","0.53","false","pending","","Global Food Nutrition Database (Open Food Facts snapshot, 2025-12-10)"
"6111246720790","Petit frais","","France, en:morocco","Produits laitiers, Produits fermentés, Produits laitiers fermentés, Produits à tartiner, Fromages, Produits à tartiner salés, Fromages à tartiner","Lait_ entier pasteurisé, ferments, présure, sel, ail, fines herbes, stabilisants.","3","b","d","37.0","9.0","0.0","false","pending","","Global Food Nutrition Database (Open Food Facts snapshot, 2025-12-10)"
"20592998","Emmental français 10 tranches","Étoile d'Or","France","Produits laitiers,Produits fermentés,Produits laitiers fermentés,Fromages,Fromages de vache,Fromages à pâte pressée cuite,Emmentals,Fromages de France,Emmentals français,Fromages pasteurisés,Fromages en tranches,Emmental en tranches","_lait_ de vache, sel, ferments lactiques (_lait_), présure.","3","c","d","380.0","0.5","0.64","false","pending","","Global Food Nutrition Database (Open Food Facts snapshot, 2025-12-10)"
"4088600007878","Hand Cooked Crisps","Aldi,Specially Selected","United Kingdom,Ireland","Plant-based foods and beverages, Plant-based foods, Snacks, Cereals and potatoes, Salty snacks, Appetizers, Chips and fries, Crisps, Potato crisps","potato, rapeseed oil, sea salt","3","c","b","508.0","0.5","0.89","false","pending","","Global Food Nutrition Database (Open Food Facts snapshot, 2025-12-10)"
"5000119095282","Wholemeal Pittas","TESCO","United Kingdom,Ireland","Plant-based foods and beverages,Plant-based foods,Cereals and potatoes,Breads,Flatbreads,Special breads,Pitas","Wholemeal Wheat Flour, Water, Yeast, Spirit vinegar, Salt, Preservative (Calcium Propionate), Wheat Starch","3","a","a","241.0","2.8","0.59","false","pending","","Global Food Nutrition Database (Open Food Facts snapshot, 2025-12-10)"
"5025125000105","No. 6 Sourdough Majestic Malted","Jason's","United Kingdom","bread","_Wheat_ Flour (_Wheat_ Flour, Calcium Carbonate, Iron, Niacin, Thiamin), Water, Roasted Malted _Rye_ (7%), _Rye_ Flour, Malted _Barley_ Flour (1%), Salt, Fermented _Wheat_ Flour, Malted _Wheat_ Flour.","3","c","unknown","255.0","1.8","0.99","false","pending","","Global Food Nutrition Database (Open Food Facts snapshot, 2025-12-10)"
"4088600003429","Houmous","The Deli,aldi","Ireland,United Kingdom","Plant-based foods and beverages,Plant-based foods,Condiments,Spreads,Plant-based spreads,Salted spreads,Sauces,Dips,Hummus,Classic hummus","Cooked Chickpeas 48% (Chickpeas, Water), Water, Rapeseed Oil, Sesame Seed Paste 13%, Concentrated Lemon Juice 3%, Garlic Purée 1%, Salt, Preservative (Potassium Sorbate)","3","b","b","302.0","0.6","0.64","false","pending","","Global Food Nutrition Database (Open Food Facts snapshot, 2025-12-10)"
"0769503575445","Sardine à l’huile végétale","Marsa","Switzerland, en:morocco","en:sardines-in-oil","sardine, huile végétale, sel","3","unknown","e","238.7","","","false","pending","","Global Food Nutrition Database (Open Food Facts snapshot, 2025-12-10)"
"8480000171313","Tomate frito receta artesana","Hacendado","Francia,España","Condimentos,Salsas,en:Meal sauces,Salsas de tomate,Salsas de tomate frito,en:Groceries","Tomate, aceite (15%), azucar y ajo","3","c","a","201.0","12.5","0.9","false","pending","","Global Food Nutrition Database (Open Food Facts snapshot, 2025-12-10)"
"3302740030925","Le Parmentier de Boeuf Charolais purée à la crème fraîche","Fleury Michon","France","Meats and their products, Meals, Meals with meat, Beef dishes, Microwave meals, Shepherd-s-pie, Beef cottage pies","Purée 65% [eau, flocons de pommes de terre 8%, _crème_ fraîche 2.9%, poudre de _lait_ écrémé, _emmental_ 2.6%, crème de riz, _beurre_ 0.8%, sel, épices], boeuf cuit 12% [boeuf, fond (eau, os de boeuf, vin blanc, concentré de tomates, sel, huile de colza, carottes, oignons, _céleri_, thym, laurier, badiane), vin blanc, concentré de tomates, ail, sel, amidon de riz, poivre], champignons de Paris 7.2%, _emmental_ 4.5%, oignons (oignons, huile de tournesol, antioxydant : extraits de romarin), échalotes, jus de cuisson du boeuf, flocons de pommes de terre, huile de colza, amidon de riz, eau, _beurre_, persil 0.2%, sel, épices.","3","c","e","137.0","2.6","0.71","false","pending","","Global Food Nutrition Database (Open Food Facts snapshot, 2025-12-10)"
"3270160717668","pizza 4  saisons","Picard","Belgique,France,Allemagne,Espagne","Surgelés, Plats préparés, Pizzas tartes salées et quiches, Pizzas, Pizzas végétariennes, Pizzas et tartes surgelées, Pizzas surgelées, Pizzas aux légumes","Farine de blé (gluten), eau, aubergine grillée 6,5 %, artichaut cuisiné 6 %, [artichaut, huile de tournesol*, sel, épices et aromates, acidifiant : acide citrique, antioxydant: acide ascorbique], tomate cerise, courgette grillée 5,8 %, poivrons jaune et rouge grillés 5,4 %, emmental 5,2%  (contient lait , Allemagne), mozzarella 5,2 % (contient lait ), purée de tomate 5,1 %, pulpe de tomate 5,1 %, huile d'olive vierge-extra, oignon, levure, sel, basilic, origan,","3","c","b","191.0","2.7","0.835","false","pending","","Global Food Nutrition Database (Open Food Facts snapshot, 2025-12-10)"
"5000171055026","Tuna Chunks in Spring Water","John West","Royaume-Uni","Produits de la mer,Poissons et dérivés,Conserves,Poissons,Poissons gras,Poissons en conserve,Thons,Thons en conserve,Miettes de thon","Tuna (Fish), Spring Water, Salt.","3","a","e","104.0","0.0","0.784","false","pending","","Global Food Nutrition Database (Open Food Facts snapshot, 2025-12-10)"
"3017800510025","Ratatouille cuisinée à la provençale d'aucy 380g","D'aucy","France","Aliments et boissons à base de végétaux,Aliments d'origine végétale,Aliments à base de fruits et de légumes,Aliments et boissons à base de légumes,Conserves,Plats préparés,Légumes et dérivés,Aliments à base de plantes en conserve,Légumes en conserve,Légumes préparés,Ratatouilles","Courgettes, aubergines pré-frites (aubergines, huile de tournesol), jus de tomates, oignons, poivrons rouges, purée de tomate double concentrée, huile d'olive vierge (1.9%), sucre, sel, ail, mélange d'herbes aromatiques, jus de citron centré. Tous ces légumes sont cultivés en Espagne.","3","a","a","61.0","4.6","0.62","false","pending","","Global Food Nutrition Database (Open Food Facts snapshot, 2025-12-10)"
"4088600246291","Seeded Sourdough Bread","Specially Selected","en:gb","Plant-based foods and beverages,Plant-based foods,Cereals and potatoes,Cereals and their products,Breads,Bread","Wheat Flour (Wheat Flour, Calcium Carbonate, Iron, Niacin, Thiamin), Water, MIXED SEEDS (10%) (Brown Linseed, Millet Seeds, Golden Linseed, Sunflower Seeds, Poppy Seeds, Pumpkin Seeds), Rye Flour, Malted Wheat, Salt, Wheat Bran, Malted Barley Flour,","3","a","unknown","265.0","0.5","0.0021","false","pending","","Global Food Nutrition Database (Open Food Facts snapshot, 2025-12-10)"
"4056489030959","Pistachios","Alesto","United Kingdom","Plant-based foods and beverages, Plant-based foods, Snacks, Salty snacks, Nuts and their products, Nuts, Pistachios, Roasted-pistachios, Salted nuts, Salted pistachios, en:pistachios-roasted","98.2% Pistachio Nuts, 1.8% Salt.","3","c","d","605.0","5.6","1.78","false","pending","","Global Food Nutrition Database (Open Food Facts snapshot, 2025-12-10)"
"5000157004017","Baked Bean In Tomato Sauce","Heinz","United Kingdom","Plant-based foods and beverages, Plant-based foods, Canned foods, Fruits and vegetables based foods, Canned plant-based foods, Vegetables based foods, Canned vegetables, Prepared vegetables, Baked beans in tomato sauce","Beans (49%), Tomatoes (35%), Water, Sugar, Modified Comflour, Spirit Vinegar, Salt, Spice Extracts, Herb Extract.","3","a","a","71.0","4.7","0.6","false","pending","","Global Food Nutrition Database (Open Food Facts snapshot, 2025-12-10)"
"4033634061181","3 grains 3 seeds","Dr. Karg's","Francia,Reino Unido","Alimentos y bebidas de origen vegetal,Alimentos de origen vegetal,Cereales y patatas,Semillas,Panes,en:Crispbreads","whole grain spelt flour (27%), wholegrain wheat flour(24%), sesame seeds(10%), pumpkin seeds (8%), linseeds (7%), wholegrain oat flour (5%), oats (5%), spelt flour (3%), extra virgin olive oil, sunflower seeds, sea salt, yeast, barley malt extract","3","b","unknown","","","","false","pending","","Global Food Nutrition Database (Open Food Facts snapshot, 2025-12-10)"
"4056489354079","6 Veggie Sausages","Chef Select, Lidl","Spain, en:united-kingdom","vegetarian sausages","Ingredients 39% Chickpeas, Onion, Rapeseed Oil, Carrots, 7% Broad Beans, Sticky Rice Flour, Potato Flakes, 3% Cauliflower, 3% Spinach, Salt, Parsley, Thyme, Dried Sage, Ground Nutmeg, Ground Coriander, Ground Black Pepper, Ground Mace, Ground White Pepper.","3","c","b","213.0","2.22","2.58","false","pending","","Global Food Nutrition Database (Open Food Facts snapshot, 2025-12-10)"
"5000129341157","Slow-roast tomato sourdough","Co-op","gb","Sourdough-bread, Sourdough bread","CO A sliced sourdough made with semi-dried op tomato, sun-dried tomato paste and basil. Co to ** baskets, *********... /text 500g Ingredients Wheat Flour (Wheat Flour, Calcium Carbonate, Iron, Niacin, Thiamin), Water, Semi-dried Tomato (7%), Sun-dried Tomato Paste (4%) (Sun-dried Tomato, Sunflower Oil, Salt, White Vinegar, Black Pepper, Garlic, Rosemary, Basil), Fermented Wheat Flour, Rye Flour, Salt, Basil, Potato Starch, Sunflower Oil, Rice Flour, Flour Treatment Agent (Ascorbic acid), Rapeseed Oil. Allergy Advice For allergens, including cereals containing gluten, see ingredients in bold. Also, may contain Egg, Milk, Soya and Sesame. Home Freezing For best quality, freeze as soon as possible and always Within the best before date. Use within 1 month. To use from frozen: plement the requiremember of slices from the loaf. Do not use a www.ng before freezing, place in apart (GB), Manchest Ha Typi En (k Fi Pro","3","b","unknown","231.0","2.5","0.9","false","pending","","Global Food Nutrition Database (Open Food Facts snapshot, 2025-12-10)"
"5060604010060","Tomato ketchup","Sauce Shop","Reino Unido","Condiments, Sauces, Tomato sauces, Ketchup, Tomato Ketchup","Tomato Purée 64%, Sugar, White Grape Vinegar, Onion, Salt, Garlic, Spices","3","d","b","130.0","21.4","1.67","false","pending","","Global Food Nutrition Database (Open Food Facts snapshot, 2025-12-10)"
"4056489222446","Wholegrain Microwaveable Rice","Taste Of","en:gb","Plant-based foods and beverages, Plant-based foods, Cereals and potatoes, Seeds, Cereals and their products, Meals, Cereal grains, Rice dishes, Rices, Precooked rices, en:brown-rices","98% cooked wholegrain rice (water, wholegrain rice), vegetable oil (sunflower oil or rapeseed oil).","3","b","e","166.0","0.16","0.024","false","pending","","Global Food Nutrition Database (Open Food Facts snapshot, 2025-12-10)"
"26065557","Fromage Blanc 3,1%","Alsy, Valblanc","France","Produits laitiers, Produits fermentés, Desserts, Produits laitiers fermentés, Fromages, Desserts lactés, Desserts lactés fermentés, Fromages blancs","Lait demi-écrémé pasteurisé (origine : France), crème pasteurisée (origine : France), ferments lactiques (lait).","3","a","a","79.0","4.0","0.107","false","pending","","Global Food Nutrition Database (Open Food Facts snapshot, 2025-12-10)"
"3270190136880","Moutarde de Dijon","Carrefour BIO, Carrefour","France, United States, en:morocco","Condiments, Sauces, Moutardes, Moutardes de Dijon, en:groceries","Eau, graines de _moutarde_ bio 30%, vinaigre d'alcool bio, sel,","3","e","a","165.0","2.1","5.8","false","pending","","Global Food Nutrition Database (Open Food Facts snapshot, 2025-12-10)"
"4002359014895","Chips à la crevette","Suzi Wan","France, en:italy","Aliments et boissons à base de végétaux, Aliments d'origine végétale, Snacks, Céréales et pommes de terre, Snacks salés, Amuse-gueules, Chips et frites, Chips, Chips de pommes de terre, Chips de pommes de terre aromatisées, Chips de manioc, Chips cocktail de crevettes, Chips-de-manioc-a-la-crevette","Farine de tapioca (_sulfite_) 49% - _crevette_ 20% - huile de tournesol - sucre - sel - ail - correcteur d'acidité (acide citrique) - poudre à lever (bicarbonate de sodium), Peut contenir _poisson_ - _soja_ - _blé_","3","e","b","471.0","12.0","2.1","false","pending","","Global Food Nutrition Database (Open Food Facts snapshot, 2025-12-10)"
"3083680002929","Macédoine 1/2","Bonduelle","France,en:france, République tchèque","Aliments et boissons à base de végétaux, Aliments d'origine végétale, Aliments à base de fruits et de légumes, Snacks, Conserves, Snacks salés, Légumes et dérivés, Amuse-gueules, Aliments à base de plantes en conserve, Plats préparés, Légumes en conserve, Légumes préparés, Macédoines de légumes en conserve, Entrées froides, Macédoines de légumes, en:Vegetables - Prepared/Processed (Shelf Stable)","Légumes (carotte haricots verts, petits pois, flageol Rejoignez-nous sur bonduelle.fr Bon Service Consommateurs Bonduelle BP.30173-59653 Villeneuve d'Ascq cedex C09 70 25 22 22 appel non surtaxé www.fondation-louisbonduelle.org L 591","3","a","a-plus","43.0","2.3","0.56","false","pending","","Global Food Nutrition Database (Open Food Facts snapshot, 2025-12-10)"
"20071943","Früchte Hafer-Müsli","LIDL","Austria,France,Germany","Plant-based foods and beverages,Plant-based foods,Breakfasts,Cereals and potatoes,Cereals and their products,Breakfast cereals,Cereals with fruits,Mueslis,Mueslis with fruits","53% Vollkorngetreideflocken (28 % Hafer, Weizen, Roggen), 27 % Rosinen, 8,6% getrocknete Fruchtstücke (Dattel, 0,8% Feige, Birne, Aprikose, Pflaume, 0,2 % Apfel), 6% Cornflakes (Mais), 4% gezuckerte Bananenchipsstücke (Bananen, Kokosnussöl, Zucker), 0,2 % gefriergetrocknete Himbeeren, 0,2% gefriergetrocknete Erdbeerscheiben, Sonnenblumenkerne. Kann Spuren von Erdnüssen, Schalenfrüchten, Milch, Soja, Sesam, Senf und Lupinen enthalten","3","c","b","341.0","24.7","0.01","false","pending","","Global Food Nutrition Database (Open Food Facts snapshot, 2025-12-10)"
"8410076801197","Crunchy Oats and Dark chocolate, 2 Barres de 21 g","Nature Valley","Belgium, France, Germany, Spain, United Kingdom, en:ireland","Snacks, Snacks sucrés, Barres, Barres de céréales, en:Oat bar","whole grain oat flakes (56%), sugar, refined sunflower oil, chocolate chips (7%) (cocoa paste, sugar, emulsifier (soy lecithin), natural vanilla aroma, degreased cocoa powder, honey, salt, cane molasses, emulsifier (sunflower lecithin), gasifier (sodium acid carbonate), natural aroma,","4","d","unknown","474.0","26.9","0.631","false","pending","","Global Food Nutrition Database (Open Food Facts snapshot, 2025-12-10)"
"3664320011510","Eau minérale gazeuse","Quézac","Belgique,France,Allemagne","Boissons et préparations de boissons, Boissons, Boissons gazeuses, Eaux, Eaux de sources, Eaux minérales, Boissons sans sucre ajouté, Eaux gazeuses, Eaux minérales gazeuses","EAU MINÉRALE NATURELLE, gaz carbonique.","4","a","not-applicable","","","0.0275","false","pending","","Global Food Nutrition Database (Open Food Facts snapshot, 2025-12-10)"
"5000137487908","The Original Cracker","Ritz Bakery","United Kingdom, United States","snacks, salty-snacks, sweet-snacks, appetizers, biscuits-and-cakes, biscuits, da:crackers","Wheat flour, sunflower oil 22 %, sugar, glucose-fructose syrup, raising agents (calcium phosphates, ammonium carbonates, sodium carbonates, potassium carbonates), salt, barley malt flour. May contain egg, milk, sesame.","4","d","b","490.0","8.3","1.3","false","pending","","Global Food Nutrition Database (Open Food Facts snapshot, 2025-12-10)"
"3760049794373","PAIN MIE SANDWICH BIO* COMPLET Sans sucres ajoutés 500G","Bien","France","Aliments et boissons à base de végétaux,Aliments d'origine végétale,Céréales et pommes de terre,Céréales et dérivés,Pains,Pains de mie,en:Packaged breads,Pains complets,Pains de mie complet","Farine complète de BLÉ*/** 59%, eau, GLUTEN DE BLÉ*, huile de tournesol*, levure, arôme naturel d'AVOINE*(contient alcool*), sel, vinaigre d'alcool*, farine de BLÉ*/**0,3%, levure désactivée, antioxydant : acide ascorbique. Traces éventuelles d'œufs, lait et soja. *Ingrédients issus de l'Agriculture Biologique. **Ingrédients issus du commerce équitable français.","4","a","a-plus","252.0","1.9","0.99","false","pending","","Global Food Nutrition Database (Open Food Facts snapshot, 2025-12-10)"
"3229820144160","Levure de bière & sélénium","Gayelord Hauser","France, en:morocco","Additifs alimentaires, Compléments alimentaires, Levures de bière","Levure de bière (gluten) 77%, germe de blé 20%, anti-agglomérant : dioxyde de silicium, levures (gluten) riches en zinc et en sélénium, vitamine E.","4","not-applicable","c","315.0","3.8","0.125","false","pending","","Global Food Nutrition Database (Open Food Facts snapshot, 2025-12-10)"
"5000189363069","After Eight","Nestlé","France, Germany, Switzerland, en:morocco","Snacks, Sweet snacks, Cocoa and its products, Confectioneries, Chocolates, Dark chocolates, Filled chocolates, Filled dark chocolates","Zucker, Kakaomasse, Glukosesirup, pflanzliche Fette (Palm, Shea), Kakaobutter, Butterreinfett, Magermilchpulver, Molkenerzeugnis, Stabilisator Invertase, Emulgator Lecithine, Pfefferminzöl, Salz, Säuerungsmittel Citronensäure.","4","e","e","426.0","67.8","0.03","false","pending","","Global Food Nutrition Database (Open Food Facts snapshot, 2025-12-10)"
"5000119684257","FRUIT & FIBRE FRUITY CRUNCH","TESCO","United Kingdom","Plant-based foods and beverages,Plant-based foods,Breakfasts,Cereals and potatoes,Cereals and their products,Breakfast cereals,Cereals with fruits,Mueslis,Mueslis with fruits","toasted wheat flakes (73%) [wheat, sugar, barley malt extract, salt, iron, vitamin e, niacin, pantothenic acid, vitamin b12, vitamin d, thiamin, folic acid, riboflavin, vitamin b6], mixed fruits (26%) (raisins, sweetened dried bananas [banana, coconut oil, sugar, flavouring), toasted coconut, dried apple), hazelnut (1%),","4","c","a","367.0","22.0","0.5","false","pending","","Global Food Nutrition Database (Open Food Facts snapshot, 2025-12-10)"
"3017760595193","Granola Chocolat Noir","Lu Mondelez International","France","Snacks,Snacks sucrés,Biscuits et gâteaux,Biscuits sucrés & biscuits apéritifs,Biscuits,Biscuits au chocolat,Biscuits au chocolat noir,Sablés nappés de chocolat","Farine de blé 37%, chocolat noir 27% [sucre, pâte de cacao, beurre de cacao, graisse végétales (karité, palmé en proportion variable), lactose(de lait), beurre pâtissier, émulsifiants (lécithines de soja, E476) ], huile végétales (palmé, coprah en proportion variable), farine complète de blé 13%, sucre, sirop de sucre, poudre à lever (carbonates de sodium, carbonates d'ammonium) sel, correcteur d'acidité (acide citrique).","4","e","e","498.0","26.0","1.1","false","pending","","Global Food Nutrition Database (Open Food Facts snapshot, 2025-12-10)"
"8715035250307","Sauce soja sucrée","Kikkoman","Belgique,France,Allemagne","Condiments, Sauces, Sauces au soja, Sauces au soja sucrées, en:Groceries","Sucre 35%, sauce soja (eau, graines de _soja_, _blé_, sel) 30%, eau, glucose, vin (anhydride sulfureux), sel, extrait de levure","4","e","a","265.0","52.0","7.1","false","pending","","Global Food Nutrition Database (Open Food Facts snapshot, 2025-12-10)"
"80176800","Nutella","Ferrero","Austria,Belgium,Bulgaria,France,Germany,Hungary,Ireland,Montenegro,Morocco,Réunion,Romania,Senegal,Serbia,Spain,Switzerland,Tunisia,Turkey,United Kingdom,Pakistan","Snacks,Breakfasts,Spreads,Sweet spreads,fr:Pâtes à tartiner,Hazelnut spreads,Chocolate spreads,Cocoa and hazelnuts spreads","Захар, палмово масло, ЛЕШНИЦИ (13%), обезмаслено МЛЯКО на прах (8,7%), нискомаслено какао на прах (7,4%), емулгатор: лецитини (СОЯ), ванилин.","4","e","d","533.33","56.0","1.07","false","pending","","Global Food Nutrition Database (Open Food Facts snapshot, 2025-12-10)"
"1205243900004","Kafferep","IKEA","France,Germany,Italy","Snacks,Sweet snacks,Biscuits and cakes,Biscuits and crackers,Biscuits,Chocolate biscuits,Oatmeal biscuits,Chocolate rolled oats biscuits","Sucre, chocolat (23%) (sucre, pâte de cacao², beurre de cacao², émulsifiant [E322]), flocons d'avoine¹ (17%), margarine (matières grasses et huiles végétales [palmier, palmiste, colza], eau, sel, émulsifiant [E471], arôme naturel, acidifiant [E330]), farine de blé, poudre d'oeuf, poudres à lever (E500, E450, E503), amidon. Peut contenir du lait et des amandes.","4","e","b","508.0","41.0","0.65","false","pending","","Global Food Nutrition Database (Open Food Facts snapshot, 2025-12-10)"
"6111203007360","hollandis class 16p","talberjt","en:Morocco","en:cheeses","Lait écrémé reconstitué, matière grasse laitière, fromages, huile de palme, sels de fonte (E452, E450, E341), sel, stabilisant carraghénanes, conservateur: sorbate de potassium, vitamine A, vitamine D","4","unknown","e","287.0","","1.75","false","pending","","Global Food Nutrition Database (Open Food Facts snapshot, 2025-12-10)"
"3387390325911","Original Nature","Nestlé,Fitness","Bélgica,Francia,Italia,Portugal,España","Alimentos y bebidas de origen vegetal,Alimentos de origen vegetal,Desayunos,Cereales y patatas,Cereales y derivados,Cereales para el desayuno,Copos,Copos de cereales,en:Extruded cereals,en:Extruded flakes,en:Breakfast cereals rich in fibre,Mezclas de copos de cereales","BLE complet 50,9%, riz 37,3%, sucre, flocons d'AVOINE complète 7,1%, sirop de sucre inverti, extrait de malt d'ORGE, carbonate de calcium, sel, sirop de glucose, mélasse, émulsifiant : mono et diglycérides d'acides gras, antioxydant : extrait riche en tocophérols ; fer, vitamines B3, B5, B6, B2, B9. Peut contenir du lait, des arachides et des fruits à coque.","4","c","e","368.0","11.0","0.9","false","pending","","Global Food Nutrition Database (Open Food Facts snapshot, 2025-12-10)"
"3297760097143","Pommes Mangues avec morceaux","Charles & Alice","France,Nouvelle-Calédonie","Aliments et boissons à base de végétaux, Aliments d'origine végétale, Aliments à base de fruits et de légumes, Desserts, Fruits et produits dérivés, Compotes, Compotes de pomme, Desserts de fruits, Compotes pommes mangue, Compotes sans sucres","Mangues 50%, pommes 49,8%, arôme naturel, antioxydant : acide ascorbique.","4","a","a","66.0","13.0","1e-05","false","pending","","Global Food Nutrition Database (Open Food Facts snapshot, 2025-12-10)"
"4014400901405","Merci : Milk Chocolate синий смотка","Merci, Storck","Болгария,Франция,Германия,Венгрия,Румыния,Швейцария,Россия","Snacks, Sweet snacks, Cocoa and its products, Confectioneries, Chocolate candies, Chocolates, Milk chocolates, Filled chocolates, Chocolate filled with praline","sugar, cocoa butter, whole milk powder, hazelnuts (7,6%), cocoa mass, vegetable fats (palm, shea), lactose, buttermilk powder, skimmed milk powder, butterfat, chopped almonds (1,3%), dextrose, emulsifier lecithins (soy), lean cocoa, flavors, salt,","4","e","e","579.0","48.3","0.21","false","pending","","Global Food Nutrition Database (Open Food Facts snapshot, 2025-12-10)"
"6111266070998","Barraani","Baraani","en:Morocco","Hamzafaleh,milk","abricots, sucre, amidon, édulcorant, acésulfame, aspartame, stabilisants, sorbate de potassium, colorants, arôme d'abricot","4","e","d","180.0","44.5","0.25","false","pending","","Global Food Nutrition Database (Open Food Facts snapshot, 2025-12-10)"
"3175681257511","Biscuits à l'orange Orange et au graines de Chia","Gerblé, Gerblé Bio","France,La Réunion","Snacks,Snacks sucrés,Biscuits et gâteaux,Biscuits","Farine de blé* 67,4%, sucre de canne*, huile de tournesol oléique*, graines de chia* 5,2%, son de blé*, oranges déshydratées * 0,9%, farine de riz*, poudres à lever (acide citrique, carbonates de sodium), arôme naturel d'orange.","4","c","b","452.0","18.0","0.22","false","pending","","Global Food Nutrition Database (Open Food Facts snapshot, 2025-12-10)"
"3229820762043","Nouilles poulet teriyaki","Tanoshi","France","Produits déshydratés,Pâtes alimentaires,Produits lyophilisés à reconstituer,Nouilles instantanées","_farine de blé_ 68%, huile de palme, sel, poudres à lever (carbonates de sodium, carbonates de potassium, assaisonnement 11% (sel, sucre, arômes, champignons noirs 1.2%, carottes 0.8%, sauce soja (_fèves de soja_, _blé_, maltodextrine de mais, sel), extrait de levure, maltodextrine de maïs, ail, oignons verts 0.2%, oignons, correcteur d'acidité (acide citrique), poivre noir, exhausteur de goût (5'-ribonucléotide disodique), huile de colza. Peut contenir des traces de céleri, _crustacés_, _lait_, _moutarde_","4","unknown","b","84.0","0.6","0.74","false","pending","","Global Food Nutrition Database (Open Food Facts snapshot, 2025-12-10)"
"5024121100475","Raspberry & Apple Soft Oaty Bars","Organix","en:united-kingdom","Toddler-snacks,Oat,Bars,Cereal bars","Wholegrain oats 49.0%, Raisins (contains sunflower oil) 20.6%, Sunflower oil 11.3%, Apple juice concentrate 8.8%, Agave fibre (inulin) 7.8%, Raspberry juice concentrate 2.5%.","4","b","a","411.0","22.0","0.01","false","pending","","Global Food Nutrition Database (Open Food Facts snapshot, 2025-12-10)"
"6111259340992","Eyoo cover","EXCELO","Morocco","Snacks, Snacks sucrés, Biscuits et gâteaux, Biscuits, Biscuits au chocolat, en:Biscuits-et-gateaux, en:Biscuits-fourres, en:Snacks-sucres, Biscuit-au-cacao-avec-fourrage-goût-vanille-et-enrobé-au-cacao","Sucre, Farine de blé tendre, Graisses végétales (Palme, Karité), Cacao en poudre, Sirop de glucose, Amidon de maïs, Poudre de lait, Poudre de lactosérum, Lait entier en poudre, Masse de cacao, Poudre à lever (Bicarbonate de sodium et d'ammonium), Sel, Emulsifiant (Lécithine de soja (E322), et Vaniline.","4","c","d","452.0","0.0","0.0","false","pending","","Global Food Nutrition Database (Open Food Facts snapshot, 2025-12-10)"
"4056489287513","Pan integral sin azucares añadidos","LIDL","Spain, en:france","Pan integral","65% harina integral de trigo, agua, levadura, 1,6% aceite de girasol, sal, conservadores: propionato cálcico, ácido sórbico, sorbato potásico; emulgentes: ésteres monoacetil y diacetil tartáricos de monoglicéridos y diglicéridos de ácidos - grasos, monoglicéridos y diglicéridos de ácidos grasos, estearoil-2-lactilato sódico; gluten de trigo, corrector de acidez: ácido láctico; fibra de trigo, agentes de tratamiento de la harina: ácido ascórbico, L-cisteína, fosfatos de calcio, trazas de granos de sésamo, soja, mostaza,  azúcares naturalmente presentes.","4","b","unknown","233.0","3.0","1.2","false","pending","","Global Food Nutrition Database (Open Food Facts snapshot, 2025-12-10)"
"3095757697105","Blanc de Poulet  - 25% de Sel*","Fleury Michon","France","Viandes et dérivés, Charcuteries, Charcuteries cuites, Blancs de volaille en tranches, Blancs de poulet en tranches","Filet de poulet 94%, bouillons (eau, _céleri_, plantes aromatiques, oignon, épices, huile de tournesol), sel, jus concentré de _céleri_, dextrose de maïs, ferments, antioxydant : ascorbate de sodium, colorant : caramel ordinaire.","4","b","e","103.0","0.5","1.4","false","pending","","Global Food Nutrition Database (Open Food Facts snapshot, 2025-12-10)"
"8712566133987","Wholegrain Mustard","Maille","Royaume-Uni","Condiments, Sauces, Mustards, Groceries","spirit vinegar, mustard seeds, water, salt, white wine (4,8%) (contains suiphite), sugar, natural flavouring, acid (lactic acid)","4","e","b","176.0","6.0","5.2","false","pending","","Global Food Nutrition Database (Open Food Facts snapshot, 2025-12-10)"
"5010477348555","Country Crisp 4 Noix","Jordans","France","Aliments et boissons à base de végétaux,Aliments d'origine végétale,Petit-déjeuners,Céréales et pommes de terre,Céréales et dérivés,Céréales pour petit-déjeuner,Céréales aux fruits à coques,Pépites de céréales croustillantes,Pépites de céréales aux fruits à coques,Céréales pour petit déjeuner riches en fibres","Céréales complètes (48%) (flocons d'avoine, farine d'avoine), sucre, noix (14%) (noisettes grillées en morceaux et entières, amandes effilées et entières, morceaux de noix du Brésil, éclats de noix de pécan), flocons d'orge, huile de tournesol, farine de riz, noix de coco séchée, arôme naturel.
Peut contenir également : Autres sources de gluten, autres noix.","4","c","e","465.0","18.0","0.03","false","pending","","Global Food Nutrition Database (Open Food Facts snapshot, 2025-12-10)"
"20435684","Biscuits Complets Avoine et blé Bio","Aachener Zucker- und Backwaren Paul Schaeffer, Lidl, Sondey","Frankreich,Deutschland","Snacks, Snacks sucrés, Biscuits et gâteaux, Biscuits sucrés & biscuits apéritifs, Biscuits, Biscuits au chocolat, Biscuits à l'avoine","30% flocons d'avoine complète, 25% chocolat au lait (sucre, beurre de cacao, lait en poudre entier, pâte de cacao, émulsifiant: lécithines (tournmesol)), sucre, graisse de palme, 11% farine de blé complet, sirop de sucre inverti, poudre à lever: carbonates de sodium; sel, sirop de betterave à sucre, arôme naturel de vanille","4","e","b","504.0","32.8","0.61","false","pending","","Global Food Nutrition Database (Open Food Facts snapshot, 2025-12-10)"
"40122274","Cornichons aigres-doux Recette Paysanne","Kûhne","France","Aliments et boissons à base de végétaux,Aliments d'origine végétale,Aliments à base de fruits et de légumes,Conserves,Légumes et dérivés,Aliments à base de plantes en conserve,Pickles,Légumes en conserve,Pickles d'origine végétale,Pickles de légumes,Pickles de concombres,Cornichons,Cornichons aigres-doux,Cornichons au vinaigre,Concombres","Cornichons, eau, vinaigre d'alcool, sirop de glucose-fructose, sel, sucre, aneth, oignon, poivron rouge, graines de moutarde, arôme.","4","c","a-plus","30.0","4.7","1.3","false","pending","","Global Food Nutrition Database (Open Food Facts snapshot, 2025-12-10)"
"5060770730274","Kombucha Fraise et Pêche","Nexba","United Kingdom, France","Beverages, Fermented foods, Fermented drinks, Tea-based beverages, Kombuchas, Boissons et préparations de boissons, Boissons gazeuses, Boisson gazeuse aux fruits","Eau de source naturellement pétillante, kombucha naturellement fermenté (eau, thé oolong, sucres*, cultures de kombucha), édulcorant Goodsxeet* (érythritol, glycosides de stéviol), régulateur d'acidité (acide citrique), fibre végétales solubles, arômes naturels, cultures vivantes (bacillus coagulans). 
*Les sucres sont entièrement consommés pendant la fermentation.","4","c","c","2.0","0.0","0.02","false","pending","","Global Food Nutrition Database (Open Food Facts snapshot, 2025-12-10)"
"4056489258346","High Protein Joghurterzeugnis - Heidelbeere","Milbona","Bulgaria,Croatia,Germany,Lithuania,Romania,Slovenia,Spain,Switzerland","Dairies,Fermented foods,Fermented milk products,Desserts,Dairy desserts,Fermented dairy desserts,Fermented dairy desserts with fruits","79% пастьоризирано обезмаслено мляко, млечен белтък, 5% боровинки, 1,5% сок от боровинка от концентрат, царевично нишесте, оцветяващ концентрат от морков, подсладители: еритритол, сукралоза, ацесулфам К; млечнокисели култури, лактаза, естествен ароматизант.","4","a","unknown","65.0","4.0","0.21","false","pending","","Global Food Nutrition Database (Open Food Facts snapshot, 2025-12-10)"
"8722700136224","Salsa original","Ligeresa","España","Condimentos,Salsas,Mayonesas,Mayonesas ligeras","Agua, aceite de soja 25%, vinagre de vino, almidón de _trigo_, yema de _huevo_, azúcar, sal, jarabe de glucosa deshidratado, almidón modificado, espesantes (goma garrofín, goma guar), colorante (carotenos), aroma.","4","d","d","277.0","2.4","0.9725","false","pending","","Global Food Nutrition Database (Open Food Facts snapshot, 2025-12-10)"
"8410261643014","Simon life","Don Simón","France,Spain,Morocco","Alimentos y bebidas de origen vegetal, Bebidas, Bebidas de origen vegetal, Bebidas a base de frutas, Zumos y néctares, Zumos de frutas, Zumos de naranja","water, sugar, orange juice from concentrate, citric acid, flavorings, sweeteners, aspartame, acesulfame k, stabilizers, gum arabic, glycerol esters of wood rosin, color, beta-carotene","4","d","d","20.0","4.8","0.03","false","pending","","Global Food Nutrition Database (Open Food Facts snapshot, 2025-12-10)"
"4056489194507","Pain de mie grande tranche gourmet céréales","Lidl","en:fr","Aliments et boissons à base de végétaux, Aliments d'origine végétale, Céréales et pommes de terre, Pains, Pains de mie, Pains de mie aux céréales","49 % farine de blé (Origine: France), eau, 10,2% flocons de blé malté torréfié (Origine : France, Allemagne), 3,6% graines de tournesol décortiquées (Origine : Bulgarie, Hongrie), gluten de blé, 2,5% flocons de blé (Origine : France, Allemagne), levure, 1,9% flocons de seigle malté (Origine: France, Allemagne), sucre, huile de colza, sel, vinaigre d'alcool, émulsifiant: mono - et diglycérides d'acides gras; conservateur : propionate de calcium ; 0,2% graines de lin brun (Origine Royaume-Uni, Allemagne, Pologne, Moldavie), 0,2% graines de millet décortiquées (Origine : Ukraine), 0,2% graines de pavot bleu (Origine : France, République Tchèque), 0,26% farine d'orge maltée torréfié (Origine : France, Allemagne), antioxydant: acide ascorbique. Traces éventuelles de soja et graines de sésame. : France, Russie, Kazakhstan, Suède,","4","c","a-plus","290.0","5.8","1.0","false","pending","","Global Food Nutrition Database (Open Food Facts snapshot, 2025-12-10)"
"20720018","Plain Bagels","Rowan Hill Bakery","United Kingdom","Plant-based foods and beverages,Plant-based foods,Cereals and potatoes,Breads,Special breads,Bagel breads","Wheat Flour (Wheat Flour, Calcium Carbonate, Iron, Niacin, Thiamin), Water, Rye Flour, Yeast, Sugar, Rapeseed Oil, Maize, Salt, Preservatives: Calcium Propionate; Wheat Gluten, Malted Barley Spirit Vinegar, Flour Treatment Agent: Ascorbic Acid","4","c","a","264.0","5.06","0.787","false","pending","","Global Food Nutrition Database (Open Food Facts snapshot, 2025-12-10)"
"3083681001808","Haricots Coco cuisinés aux Tomates","Cassegrain","France","Aliments et boissons à base de végétaux,Aliments d'origine végétale,Aliments à base de fruits et de légumes,Légumineuses et dérivés,Conserves,Légumineuses,Graines,Légumes et dérivés,Aliments à base de plantes en conserve,Graines de légumineuses,Plats préparés,Légumes en conserve,Légumineuses sèches,en:Common beans,Légumes préparés,Légumineuses en conserve,Haricots blancs,Haricots à la tomate,Haricots en conserve,Haricots cocos blancs, en:Vegetables - Prepared/Processed (Shelf Stable)","Eau, haricots blancs secs trempés 37%, tomates 11%, purée de tomates mi-réduite 8%, sel, sucre, extrait de levure, ail en poudre, sauge 0,1%, persil 0,05%, arôme naturel, carottes en poudre, tomates en poudre, oignons en poudre, safran, arôme naturel de thym, une feuille de laurier.","4","b","b","74.0","1.4","0.78","false","pending","","Global Food Nutrition Database (Open Food Facts snapshot, 2025-12-10)"
"3660140958752","Savane tout choco","Brossard","en:fr","Snacks, Desserts, Sweet snacks, Biscuits and cakes, Cakes, Chocolate soft cake, en:chocolate-cakes","Farine de blé 18,5 %, œufs frais, sucre, huile de colza, chocolat 11,9% (sucre, pâte de cacao, beurre de cacao, émulsifiant : lécithines (soja), arôme naturel de vanille), chocolat en poudre 6,8% (sucre, cacao en poudre), stabilisant glycérol, fibre soluble de blé, blanc d'œufs, sirop de glucose, fibre de racine de chicorée, amidon de blé, poudres à lever : tartrates de potassium carbonates de sodium, conservateur: sorbate de potassium, arôme. Présence possible de: arachides, fruits à coque, lait.","4","d","d","408.0","26.0","0.25","false","pending","","Global Food Nutrition Database (Open Food Facts snapshot, 2025-12-10)"
"8720182248732","Sabor casero","Calvé","Spain, en:morocco","Condimentos,Salsas,Mayonesas","Agua, aceite de soja 40%, vinagre de vino blanco 5.6%, yema de _huevo_ 3.2%, almidón modificado, almidón de _trigo_, azúcar, sal, sal mineral de potasio, zumo de limón concentrado, espesante (goma guar), aromas.","4","d","d","384.0","1.5","0.73","false","pending","","Global Food Nutrition Database (Open Food Facts snapshot, 2025-12-10)"
"3073781192186","La vache qui rit","La vache qui rit","Frankrijk","Dairies, Fermented foods, Fermented milk products, Cheeses, Spreads, Salted spreads, Cheese spreads, Cheeses (perishable), Melted-cheese, fr:Produits laitiers  Produits fermentés  Produits laitiers fermentés  Fromages, en:processed-cheeses","LAIT écrémé réhydraté (origine : France), FROMAGES, BEURRE, protéines de LAIT, sel de fonte : polyphosphates, calcium, concentré de minéraux du LAIT, concentré lactique LAITIER.","4","d","d","232.0","6.5","1.7","false","pending","","Global Food Nutrition Database (Open Food Facts snapshot, 2025-12-10)"
"8480000057105","Pechuga de Pavo Cocida 92%","Hacendado","en:spain","Pechuga de pavo","Pechuga de pavo (92%), agua, cloruro sódico, jarabe de glucosa, estabilizantes (E-451i, E-407), aroma, cloruro potásico, antioxidante (ascorbato sódico), conservador (nitrito sódico).","4","c","e","89.0","0.8","1.875","false","pending","","Global Food Nutrition Database (Open Food Facts snapshot, 2025-12-10)"
"5059319016603","Special K Granola con avena Dark chocolate","K, Kellogg","Itália,Espanha,Portugal","Alimentos e bebidas à base de plantas,Alimentos à base de plantas,Pequenos alomoços,Cereais e batatas,Cereais e seus produtos,Cereias para pequeno-almoçco,Cereais de chocolate,en:Crunchy cereal clusters,en:Cereal clusters with chocolate,Cereais Pequeno almoço","_Avena_ integral 66%, chocolate negro 10% (pasta de cacao, azúcar, grasa de _leche_, emulgente (lecitina de girasol)), azúcar, aceite de girasol, harina de _trigo_ 6%, fibra de maíz, jarabe de glucosa, _cebada_ inflada 2%, emulgente (lecitina de _soja_), aroma natural, aroma natural, extracto de malta de _cebada_.","4","c","e","469.0","13.0","0.01","false","pending","","Global Food Nutrition Database (Open Food Facts snapshot, 2025-12-10)"
"6111017040881","Napolitain noir","Aiguebelle","France,Morocco","Snacks, Snacks sucrés, Cacao et dérivés, Chocolats, Chocolats noirs","Masse de cacao (Côte d'ivoire, Ghana), sucre, poudre de cacao, beurre de cacao, émulsifiant : lécithine de soja (E322), arôme artificiel vanilline.","4","e","e","507.0","28.0","0.01","false","pending","","Global Food Nutrition Database (Open Food Facts snapshot, 2025-12-10)"
"6111242106024","Luncheon au boeuf","","en:ma","Conserves, Viandes et dérivés, Viandes, Viandes en conserve","viande de boeuf, gras de boeuf, eau, amidon, sel, stabilisants, isolat protéique de soja, dextrose, épices, sucre, extrait d'épices, antioxydant, exhausteur de goût","4","unknown","unknown","","","","false","pending","","Global Food Nutrition Database (Open Food Facts snapshot, 2025-12-10)"
"6111031005255","miredina","Mondelez","Morocco","Snacks,Sweet snacks,Biscuits and cakes,Biscuits and crackers,Biscuits,Sponge cake with fruit mousse","Sucre, Huile Végétale Non Hydrogénée (Palme, Palmiste, Soja), Farine de Blé, oeuf, Humectants (Glycérine, Sorbitol), Sirop de Glucose, Cacao Maigre en Poudre, Perméat de Lactosérum (de Lait), Amidon de Mais, Poudres à Lever (Pyrophosphate de Sodium Acide, Bicarbonate de Sodium), Emulsifiants (de Source Végétale Mono-et diglycerides D'Acides Gras, Lécithine de Soja), Correcteur d'Acidité (Acide Citrique), Conservateurs (Sorbate de Potassium, Acide bique), Sel, Arôme Artificiel (Chocolat), Epaississant (Gomme Xanthane).","4","e","d","403.0","38.0","0.54","false","pending","","Global Food Nutrition Database (Open Food Facts snapshot, 2025-12-10)"
"3046920029780","Excellence Noir Subtil Doux 70% Cacao","Lindt Excellence","Australia,Austria,Denmark,France,Germany,Morocco,New Zealand,Spain,Switzerland","Snacks, Sweet snacks, Cocoa and its products, Chocolates, Dark chocolates, Dark chocolate bar with more than 70% cocoa, en:extra-fine-dark-chocolates","Pâte de cacao 70%, sucre, beurre de cacao, émulsifiant (lécithine de soja), vanille.","4","e","e","610.0","29.0","0.01","false","pending","","Global Food Nutrition Database (Open Food Facts snapshot, 2025-12-10)"
"3700214610046","Chocolat noir aux éclats d'amandes","Alter Eco","France","Snacks,Sweet snacks,Cocoa and its products,Confectioneries,Chocolates,Dark chocolates,Chocolates with almonds,Dark chocolates with almonds","Pâte de cacao** (Pérou), sucre de canne**, éclats d'amandes (12%), beurre de cacao**, émulsifiant lécithine de tournesol, gousse de vanille**. Peut contenir du soja, du lait et d'autres fruits à coque. 100% des ingrédients agricoles sont issus de l'agriculture biologique.","4","e","c","554.0","38.0","0.01","false","pending","","Global Food Nutrition Database (Open Food Facts snapshot, 2025-12-10)"
"20005672","Erdnüsse, pikant gewürzt","Alesto","Германия,Испания,България","pflanzliche-lebensmittel-und-getränke, pflanzliche-lebensmittel, hülsenfrüchte-und-hülsenfruchtprodukte, hülsenfrüchte, nüsse-und-nussprodukte, nüsse, geröstete-nüsse, erdnüsse, geröstete-erdnüsse, ru:закуски, bg:зеленчуци, bg:зеленчуци-и-зеленчукови-продукти, bg:растителни-храни, bg:растителни-храни-и-напитки, bg:фъстъци, bg:ядки, bg:ядкови-продукти","Erdnusskerne, Speisesalz, Weizenmehl, Geliermittel: Gummi arabicum, Sorbit, Gewürze, Aroma, Farbstoff: Paprikaextrakt. Kann Spuren von Schalenfrüchten enthalten.","4","unknown","e","590.0","1.7","","false","pending","","Global Food Nutrition Database (Open Food Facts snapshot, 2025-12-10)"
"4088600201832","Organic Peruvian 70% cocoa dark chocolate","Aldi,Moser Roth","United Kingdom","Snacks, Sweet snacks, Cocoa and its products, Chocolates, Dark chocolates","nutrition this pack contains, organic cocoa mass, organic cane sugar, organic cocoa butter, emulsifier: organic lecithins (soya), organic vanilla extract, typical values per 100g per 2 energy fat","4","e","d","584.0","28.0","0.05","false","pending","","Global Food Nutrition Database (Open Food Facts snapshot, 2025-12-10)"
"8445290549754","Babicao","Nestlé","en:France","Céréales au chocolat","Farine 86% (de blé hydrolysée, , de blé, d'orge, de seigle de maïs et d'avoine complète), sucre, cacao maigre en poudre 4,5%, vitamines A, B1, B3, B6, C, D, E), arôme naturel de cacao, arôme naturel, vanilline, minéraux (fumarate ferreux, sulfate e zinc, iodure e potassium)","4","c","d","385.0","30.3","0.1","false","pending","","Global Food Nutrition Database (Open Food Facts snapshot, 2025-12-10)"
"3664346306621","Fine & Gourmande Noir 70%","Fine gourmande,Poulain","France,Maroc","Snacks,Snacks sucrés,Cacao et dérivés,Chocolats,Chocolats édulcorés,Chocolats noirs,Chocolats noirs aux édulcorants,Chocolat noir en tablette extra dégustation à 70% de cacao minimum","Pâte de cacao, édulcorant (maltitol), beurre de cacao, cacao maigre en poudre, arôme naturel, émulsifiant (lécithines de soja). Cacao : 70% minimum. Contient des traces de lait. Peut contenir céréales et fruits à coque. Une consommation excessive peut avoir des effets laxatifs.","4","d","e","539.0","0.5","0.01","false","pending","","Global Food Nutrition Database (Open Food Facts snapshot, 2025-12-10)"
"3242274032050","Salade & Compagnie - Montmartre","Sodebo","France","Meals, Prepared salads, en:pasta-salads","Salade composée 80%: spécialités céréalières cuites (eau, semoule de BLE dur, OEUF, épices), OEUF, salade 11%, jambon de porc, EMMENTAL, jus de citron, huile de colza et/ou tournesol, eau, dextrose, ferments, antioxydant: erythorbate de sodium, conservateur: nitrite de sodium, sel, arôme naturel, plantes aromatiques. Sauce vinaigrette balsamique à la moutarde 7%: vinaigre de vin (SULFITES), huile de colza, huile d'olive vierge, moût de raisin, vinaigre d'alcool, eau, amidon de maïs, sel, graines de MOUTARDE. Cookie au chocolat 7%: sucre, farine de BLE, OEUF, BEURRE, huile de colza, pâte et beurre de cacao, poudre de cacao maigre, poudre à lever: bicarbonate de sodium, émulsifiants: lécithines (SOJA), arôme naturel, sel. Gressins 4% et fourchette 2% : farine de BLE, fibre de BLE, semoule de BLE dur, BEURRE, huile d'olive vierge, huile de colza, eau, levure boulangère, sucre, amidon et/ou fécule, sel, graines de pavot. Ce produit peut contenir du soja, du poisson, des fruits à coque et d'autres céréales contenant du gluten. Porc origine UE","4","c","unknown","199.0","3.7","0.55","false","pending","","Global Food Nutrition Database (Open Food Facts snapshot, 2025-12-10)"
"3760091727084","Pâte à tartiner aux noisettes","Ethiquable","France,en:france","Breakfasts, Spreads, Sweet spreads, fr:Pâtes à tartiner, Hazelnut spreads, Chocolate spreads, Cocoa and hazelnuts spreads","blond cane sugar, vegetable oils (rapeseed oil, coconut oil), hazelnuts (13%), milk powder, lean cocoa powder (8%), butter, whey powder, emulsifier: sunflower lecithin, vanilla powder,","4","e","c","543.0","52.0","0.13","false","pending","","Global Food Nutrition Database (Open Food Facts snapshot, 2025-12-10)"
"3103220035771","Haribo pik","Haribo","France","Snacks, Sweet snacks, Confectioneries, Candies, Gummi candies, en:acid-gummy-candies","glucose syrup , sugar , gelatin , dextrose , acidifiers : citric acid, malic acid , coating agent : carnauba wax , acidity correctors : tricalcium citrate, sodium acid malate , flavor , fruit and plant concentrates: spirulina, safflower, lemon, carrot , invert sugar syrup,","4","d","b","352.0","50.7","0.166","false","pending","","Global Food Nutrition Database (Open Food Facts snapshot, 2025-12-10)"
